,molecule_chembl_id,canonical_smiles,class,MW,LogP,NumHDonors,NumHAcceptors,pIC50
0,CHEMBL1789941,N#CC[C@H](C1CCCC1)n1cc(-c2ncnc3[nH]ccc23)cn1,active,306.37300000000005,3.466380000000001,1.0,5.0,7.0
1,CHEMBL4068357,C[C@@H]1CCN(C(=O)N2CCCC2)C[C@@H]1N(C)c1ncnc2[nH]ccc12,active,342.447,2.3202999999999996,1.0,4.0,7.568636235841013
2,CHEMBL4089515,C[C@@H]1CCN(C(=O)N2CC[C@@H](S(=O)(=O)c3cccc(O)c3)C2)C[C@@H]1N(C)c1ncnc2[nH]ccc12,active,498.6090000000002,2.4783,2.0,7.0,6.464705879957229
3,CHEMBL3644620,CCc1cc(O)c(F)cc1-c1ccc2c(-c3nc4c([nH]3)CCN(C(=O)c3cnc(N5CCCCC5)cn3)C4)n[nH]c2c1,active,566.6410000000003,5.005900000000003,3.0,7.0,7.153044674980176
4,CHEMBL3928932,CCc1cc(O)ccc1-c1ccc2c(-c3nc4ccccc4[nH]3)n[nH]c2c1,active,354.413,5.0412000000000035,3.0,3.0,7.978810700930062
5,CHEMBL3929865,Oc1cccc(-c2ccc3c(-c4nc5ccccc5[nH]4)n[nH]c3c2)c1,active,326.359,4.478800000000003,3.0,3.0,6.242072816886671
6,CHEMBL4087076,CC(C)c1cc(O)ccc1-c1ccc2c(-c3nc4ccccc4[nH]3)n[nH]c2c1,active,368.44,5.602200000000004,3.0,3.0,6.601539150391777
7,CHEMBL4104931,CCCc1cc(O)ccc1-c1ccc2c(-c3nc4ccccc4[nH]3)n[nH]c2c1,active,368.44,5.431300000000004,3.0,3.0,7.122628654130226
8,CHEMBL3914503,COc1cc(O)ccc1-c1ccc2c(-c3nc4ccccc4[nH]3)n[nH]c2c1,active,356.385,4.487400000000003,3.0,4.0,7.2380721615794705
9,CHEMBL4086131,CCc1c(-c2ccc3c(-c4nc5ccccc5[nH]4)n[nH]c3c2)ccc(O)c1F,active,372.403,5.180300000000004,3.0,3.0,6.688670047696207
10,CHEMBL4103980,CCc1cc(O)c(F)cc1-c1ccc2c(-c3nc4ccccc4[nH]3)n[nH]c2c1,active,372.403,5.180300000000003,3.0,3.0,7.319664486585436
11,CHEMBL4086057,CCc1cc(O)ccc1-c1ccc2c(-c3ncc[nH]3)n[nH]c2c1,active,304.353,3.8880000000000026,3.0,3.0,7.982966660701219
12,CHEMBL4096219,CCc1cc(O)ccc1-c1ccc2c(C(N)=O)n[nH]c2c1,active,281.315,2.5968,3.0,3.0,7.718966632752273
13,CHEMBL4078165,CCc1cc(O)ccc1-c1ccc2c(C(=O)NC)n[nH]c2c1,active,295.342,2.857500000000001,3.0,3.0,8.040958607678906
14,CHEMBL4074855,CCc1cc(O)ccc1-c1ccc2c(C(=O)N(C)C)n[nH]c2c1,inactive,309.36899999999997,3.199700000000001,2.0,3.0,5.0
15,CHEMBL4101534,CCc1cc(O)ccc1-c1ccc2c(C(=O)Nc3ccc(C)nc3)n[nH]c2c1,active,372.42800000000005,4.4536200000000035,3.0,4.0,6.556267758598403
16,CHEMBL4066236,CCc1cc(O)ccc1-c1ccc2c(-c3nc4c([nH]3)CN(C)CC4)n[nH]c2c1,active,373.46000000000015,3.8759000000000015,3.0,4.0,7.730487055782084
17,CHEMBL4093813,CCc1cc(O)ccc1-c1ccc2c(-c3nc4c([nH]3)CN(C(C)=O)CC4)n[nH]c2c1,active,401.4700000000002,3.792600000000002,3.0,4.0,8.346787486224656
18,CHEMBL4069951,CCc1cc(O)ccc1-c1ccc2c(-c3nc4c([nH]3)CN(S(C)(=O)=O)CC4)n[nH]c2c1,active,437.5250000000002,3.205700000000002,3.0,5.0,7.407823242604133
19,CHEMBL4097152,CCc1cc(O)c(F)cc1-c1ccc2c(-c3nc4c([nH]3)CN(Cc3ccccc3)CC4)n[nH]c2c1,active,467.5480000000002,5.585400000000004,3.0,4.0,7.517126416391246
20,CHEMBL3644618,CCc1cc(O)c(F)cc1-c1ccc2c(-c3nc4c([nH]3)CCN(C(=O)c3ccc(F)cc3)C4)n[nH]c2c1,active,499.5210000000002,5.364700000000004,3.0,4.0,7.455931955649724
21,CHEMBL3979355,CC(C)(/C=C(\C#N)C(=O)N1CCC[C@H](n2nc(-c3ccc(Oc4ccccc4)cc3F)c3c(N)ncnc32)C1)N1CCN(C2COC2)CC1,active,665.7739999999997,4.4153800000000025,1.0,11.0,8.301029995663981
22,CHEMBL4483484,CCc1cc(O)c(F)cc1-c1cc(NP(=O)(CC)CC)c2cn[nH]c2c1,inactive,375.38400000000007,5.366800000000003,3.0,3.0,4.800000052738446
23,CHEMBL4534573,CCc1cc(O)c(F)cc1-c1cc(NS(=O)(=O)N(C)C)c2cn[nH]c2c1,active,378.4290000000001,2.8553000000000006,3.0,4.0,7.0
24,CHEMBL4563039,CCc1cc(O)c(F)cc1-c1cc(NS(=O)(=O)c2cccnc2)c2cn[nH]c2c1,intermediate,412.4460000000001,3.8328000000000015,3.0,5.0,5.300000202445418
25,CHEMBL4528395,CCc1cc(O)c(F)cc1-c1cc(NS(=O)(=O)c2ccccn2)c2cn[nH]c2c1,intermediate,412.4460000000001,3.8328000000000015,3.0,5.0,5.670000424450806
26,CHEMBL4560212,CCc1cc(O)c(F)cc1-c1cc(NS(=O)(=O)c2ccccc2Cl)c2cn[nH]c2c1,active,445.9030000000001,5.091200000000002,3.0,4.0,6.409994580348671
27,CHEMBL4535413,CCc1cc(O)c(F)cc1-c1cc(NS(=O)(=O)CCN2CCN(C)CC2)c2cn[nH]c2c1,intermediate,461.56300000000033,2.6261,3.0,6.0,5.100000128334196
28,CHEMBL4529314,CCc1cc(O)c(F)cc1-c1cc(NS(=O)(=O)CCN2CCCCC2)c2cn[nH]c2c1,intermediate,446.54800000000034,3.864600000000002,3.0,5.0,5.200000237109354
29,CHEMBL4483513,CCc1cc(O)c(F)cc1-c1cc(NS(=O)(=O)CCC(=O)OC)c2cn[nH]c2c1,active,421.4500000000002,2.9418000000000006,3.0,6.0,6.399996913372259
30,CHEMBL4569613,CCc1cc(O)c(F)cc1-c1cc(NS(=O)(=O)CCOC)c2cn[nH]c2c1,active,393.44000000000017,3.025100000000001,3.0,5.0,6.399996913372259
31,CHEMBL4543715,CCc1cc(O)c(F)cc1-c1cc(NS(=O)(=O)CCO)c2cn[nH]c2c1,active,379.4130000000001,2.3709999999999996,4.0,5.0,6.0
32,CHEMBL4522317,CCc1cc(O)c(F)cc1-c1cc(NS(=O)(=O)C(F)(F)F)c2cn[nH]c2c1,intermediate,403.357,3.898500000000001,3.0,4.0,5.529999886197673
33,CHEMBL4521312,CCc1cc(O)c(F)cc1-c1cc(NS(=O)(=O)C2CCCC2)c2cn[nH]c2c1,active,403.4790000000002,4.321300000000003,3.0,4.0,6.390000296157769
34,CHEMBL4580425,CCc1cc(O)c(F)cc1-c1cc(NS(=O)(=O)CC2CCC2)c2cn[nH]c2c1,active,403.4790000000002,4.178800000000002,3.0,4.0,6.399996913372259
35,CHEMBL4554460,CCc1cc(O)c(F)cc1-c1cc(NS(=O)(=O)C2CC2)c2cn[nH]c2c1,active,375.4250000000001,3.541100000000001,3.0,4.0,6.699991797446187
36,CHEMBL4517645,CCc1cc(O)c(F)cc1-c1cc(NS(=O)(=O)C(C)C)c2cn[nH]c2c1,active,377.4410000000001,3.7871000000000015,3.0,4.0,6.790002703917631
37,CHEMBL4544386,CCc1cc(O)c(F)cc1-c1cc(N(C)S(C)(=O)=O)c2cn[nH]c2c1,intermediate,363.41400000000004,3.032800000000001,2.0,4.0,5.700000503883016
38,CHEMBL4483364,CCc1cc(O)c(F)cc1-c1cc(NS(=O)(=O)CC)c2cn[nH]c2c1,active,363.4140000000001,3.398600000000001,3.0,4.0,6.770011163455189
39,CHEMBL4539949,CCc1cc(O)c(F)cc1-c1cc(NS(C)(=O)=O)c2cn[nH]c2c1,active,349.38700000000006,3.0085000000000006,3.0,4.0,6.399996913372259
40,CHEMBL4577685,CCS(=O)(=O)Nc1cc(-c2c(C)cc(O)cc2C)cc2[nH]ncc12,inactive,345.42400000000004,3.3139400000000014,3.0,4.0,4.600000074606178
41,CHEMBL4564318,CCS(=O)(=O)Nc1cc(-c2ccc(O)c(OC)c2)cc2[nH]ncc12,intermediate,347.396,2.7057,3.0,5.0,5.670000424450806
42,CHEMBL4516561,CCS(=O)(=O)Nc1cc(-c2ccc(O)c(F)c2)cc2[nH]ncc12,intermediate,335.36,2.8362,3.0,4.0,5.800000874803203
43,CHEMBL4518744,CCS(=O)(=O)Nc1cc(-c2ccc(O)c(Cl)c2)cc2[nH]ncc12,active,351.81500000000005,3.3505000000000003,3.0,4.0,6.0
44,CHEMBL4551312,CCS(=O)(=O)Nc1cc(-c2ccc(O)c(C)c2)cc2[nH]ncc12,intermediate,331.39700000000005,3.0055200000000006,3.0,4.0,5.499999678657065
45,CHEMBL4589842,CCS(=O)(=O)Nc1cc(-c2ccc(O)cc2Cl)cc2[nH]ncc12,active,351.81500000000005,3.3505000000000003,3.0,4.0,6.149997413907539
46,CHEMBL4551061,CCc1cc(O)ccc1-c1cc(NS(=O)(=O)CC)c2cn[nH]c2c1,active,345.42400000000004,3.259500000000001,3.0,4.0,6.499996931948306
47,CHEMBL4567992,CCS(=O)(=O)Nc1cc(-c2ccc(O)cc2C)cc2[nH]ncc12,intermediate,331.39700000000005,3.0055200000000006,3.0,4.0,5.779999190713337
48,CHEMBL4531121,CCS(=O)(=O)Nc1cc(-c2ccc(O)cc2)cc2[nH]ncc12,intermediate,317.37000000000006,2.6971000000000007,3.0,4.0,5.700000503883016
49,CHEMBL4567359,CS(=O)(=O)Nc1cc(-c2ccc(O)cc2)cc2[nH]ncc12,intermediate,303.343,2.3069999999999995,3.0,4.0,5.40000018605658
50,CHEMBL3545215,CCn1c(C(=O)N(C2CC2)C2CC2)cc2c3c(ncn3C)c(Nc3cc(C)n(C)n3)nc21,active,432.53200000000015,3.495420000000002,1.0,8.0,6.0
51,CHEMBL4076947,Cc1cc(Nc2nccc3nc(-c4c(Cl)cc(C#N)cc4Cl)[nH]c23)ncn1,intermediate,396.24100000000004,4.645400000000002,2.0,6.0,5.886056647693163
52,CHEMBL2386653,C[C@@H](O)c1nc2cnc3[nH]ccc3c2n1[C@H]1CCCOC1,active,286.33500000000004,2.3174,2.0,5.0,6.6777807052660805
53,CHEMBL3622821,CC[C@@H]1CN(C(=O)NCC(F)(F)F)C[C@@H]1c1cnc2cnc3[nH]ccc3n12,active,380.374,2.9079000000000006,2.0,4.0,7.346787486224656
54,CHEMBL221959,C[C@@H]1CCN(C(=O)CC#N)C[C@@H]1N(C)c1ncnc2[nH]ccc12,active,312.377,1.5447799999999996,1.0,5.0,7.4089353929735005
55,CHEMBL2178252,Cn1cc(NC(=O)c2cnn3cccnc23)c(-c2cccc(Cl)c2)n1,active,352.785,3.0355000000000016,1.0,6.0,6.0
56,CHEMBL2178799,Cn1cc(NC(=O)c2cnn3cccnc23)c(-c2cc(Cl)ccc2Cl)n1,active,387.2300000000001,3.688900000000002,1.0,6.0,6.638272163982407
57,CHEMBL4786888,Cn1ncc(NC(=O)c2cnn3cccnc23)c1-c1cc(Cl)ccc1Cl,active,387.23000000000013,3.688900000000002,1.0,6.0,6.0
58,CHEMBL4800012,COc1ccc(Cl)cc1-c1n[nH]cc1NC(=O)c1cnn2cccnc12,active,368.7840000000001,3.0337000000000005,2.0,6.0,7.638272163982407
59,CHEMBL2178801,COc1ccc(Cl)cc1-c1nn(C)cc1NC(=O)c1cnn2cccnc12,active,382.8110000000001,3.0441000000000003,1.0,7.0,7.6020599913279625
60,CHEMBL4781087,CCOc1ccc(Cl)cc1-c1n[nH]cc1NC(=O)c1cnn2cccnc12,active,382.8110000000001,3.423800000000001,2.0,6.0,7.267606240177032
61,CHEMBL4762168,O=C(Nc1c[nH]nc1-c1cc(Cl)ccc1OC1CC1)c1cnn2cccnc12,active,394.8220000000002,3.566300000000002,2.0,6.0,7.6777807052660805
62,CHEMBL4790609,O=C(Nc1c[nH]nc1-c1cc(Cl)ccc1OC(F)(F)F)c1cnn2cccnc12,active,422.7540000000001,3.923700000000001,2.0,6.0,7.1938200260161125
63,CHEMBL4744172,O=C(Nc1c[nH]nc1-c1cc(Cl)ccc1OC(F)F)c1cnn2cccnc12,active,404.76400000000007,3.626500000000001,2.0,6.0,8.2839966563652
64,CHEMBL4777342,Cn1cc(NC(=O)c2cnn3cccnc23)c(-c2cc(Cl)ccc2OC(F)F)n1,active,418.79100000000005,3.6369000000000016,1.0,7.0,8.327902142064282
65,CHEMBL4750979,CSc1ccc(Cl)cc1-c1nn(C)cc1NC(=O)c1cnn2cccnc12,active,398.87900000000013,3.7574000000000014,1.0,7.0,7.958607314841775
66,CHEMBL4778284,O=C(Nc1c[nH]nc1-c1cc(Cl)ccc1SC(F)F)c1cnn2cccnc12,active,420.83200000000005,4.339800000000002,2.0,6.0,7.585026652029182
67,CHEMBL3667519,COc1ccc(Cl)cc1-c1nc(C)sc1NC(=O)c1cnn2cccnc12,active,399.8630000000001,4.075520000000003,1.0,7.0,7.236572006437063
68,CHEMBL4740778,Nc1nn2cccnc2c1C(=O)Nc1c[nH]nc1-c1cc(Cl)ccc1OC(F)F,active,419.77900000000005,3.2087000000000003,3.0,7.0,8.397940008672037
69,CHEMBL4793262,O=C(Nc1c[nH]nc1-c1cc(Cl)ccc1OC(F)F)c1cnc2cccnn12,active,404.76400000000007,3.626500000000002,2.0,6.0,8.301029995663981
70,CHEMBL4760406,Cc1ccn2ncc(C(=O)Nc3c[nH]nc3-c3cc(Cl)ccc3OC(F)F)c2n1,active,418.7910000000001,3.9349200000000017,2.0,6.0,7.468521082957745
71,CHEMBL4746416,C#Cc1ccc2ncc(C(=O)Nc3c[nH]nc3-c3cc(Cl)ccc3OC(F)F)n2n1,active,428.7860000000001,3.607800000000001,2.0,6.0,7.886056647693163
72,CHEMBL4788860,O=C(Nc1c[nH]nc1-c1cc(Cl)ccc1OC(F)F)c1snc2cccnc12,active,421.8160000000001,4.588500000000002,2.0,6.0,7.698970004336019
73,CHEMBL4795297,COc1ccc(Cl)cc1-c1nn(C)cc1NC(=O)c1cncc2cccnc12,active,393.8340000000001,3.944600000000002,1.0,6.0,7.42021640338319
74,CHEMBL4791878,O=C(Nc1c[nH]nc1-c1cc(Cl)ccc1OC(F)F)c1cnc2[nH]ccc2n1,active,404.76400000000007,3.855100000000001,3.0,5.0,7.376750709602099
75,CHEMBL4780070,O=C(Nc1c[nH]nc1-c1cc(Cl)ccc1OC(F)F)c1cncc2scnc12,active,421.8160000000001,4.588500000000002,2.0,6.0,8.036212172654444
76,CHEMBL4778449,O=C(Nc1c[nH]nc1-c1cc(Cl)ccc1OC(F)F)c1cncc2ccoc12,active,404.7600000000001,4.725000000000001,2.0,5.0,7.443697499232712
77,CHEMBL4788474,COc1ccc(Cl)cc1-c1nn(C)cc1NC(=O)c1cncc2c[nH]nc12,active,382.8110000000001,3.2727000000000004,2.0,6.0,7.698970004336019
78,CHEMBL4781423,COc1ccc(Cl)cc1-c1nn(C)cc1NC(=O)c1cncc2cn(C)nc12,active,396.83800000000014,3.283100000000001,1.0,7.0,7.031517051446065
79,CHEMBL4760562,O=C(Nc1c[nH]nc1-c1cc(Cl)ccc1OC(F)F)c1cncc2c[nH]nc12,active,404.76400000000007,3.855100000000001,3.0,5.0,7.7447274948966935
80,CHEMBL4784721,N#Cc1ccc(OC(F)F)c(-c2n[nH]cc2NC(=O)c2cnn3cccnc23)c1,active,395.3290000000001,2.844780000000001,2.0,7.0,7.657577319177793
81,CHEMBL4798728,O=C(Nc1c[nH]nc1-c1cc(F)ccc1OC(F)F)c1cnn2cccnc12,active,388.3090000000001,3.1122000000000005,2.0,6.0,7.468521082957745
82,CHEMBL4760135,Cc1ccc(OC(F)F)c(-c2n[nH]cc2NC(=O)c2cnn3cccnc23)c1,active,384.3460000000001,3.2815200000000004,2.0,6.0,7.568636235841013
83,CHEMBL4757833,CCc1ccc(OC(F)F)c(-c2n[nH]cc2NC(=O)c2cnn3cccnc23)c1,active,398.3730000000001,3.5355000000000016,2.0,6.0,7.886056647693163
84,CHEMBL4742159,O=C(Nc1c[nH]nc1-c1cc(Br)ccc1OC(F)F)c1cnn2cccnc12,active,449.2150000000001,3.7356000000000007,2.0,6.0,8.481486060122112
85,CHEMBL4764019,O=C(Nc1c[nH]nc1-c1cc(I)ccc1OC(F)F)c1cnn2cccnc12,active,496.21500000000015,3.577700000000001,2.0,6.0,8.55284196865778
86,CHEMBL4794915,COc1ccc(Cl)c(F)c1-c1n[nH]cc1NC(=O)c1cnn2cccnc12,active,386.7740000000001,3.1728000000000005,2.0,6.0,7.823908740944319
87,CHEMBL4756876,O=C(Nc1c[nH]nc1-c1c(OC(F)F)ccc(Cl)c1F)c1cnn2cccnc12,active,422.7540000000001,3.765600000000002,2.0,6.0,7.853871964321762
88,CHEMBL4755407,COc1cc(F)c(Cl)cc1-c1n[nH]cc1NC(=O)c1cnn2cccnc12,active,386.7740000000001,3.1728000000000005,2.0,6.0,7.376750709602099
89,CHEMBL4740223,COc1cc(O)c(Cl)cc1-c1n[nH]cc1NC(=O)c1cnn2cccnc12,active,384.78300000000013,2.7393,3.0,7.0,6.853871964321762
90,CHEMBL4789075,O=C(Nc1c[nH]nc1-c1cc(Cl)c(O)cc1OC(F)F)c1cnn2cccnc12,active,420.76300000000003,3.3321000000000005,3.0,7.0,7.443697499232712
91,CHEMBL4755725,COc1cc2[nH]ncc2cc1-c1n[nH]cc1NC(=O)c1cnn2cccnc12,active,374.36400000000015,2.2565999999999997,3.0,7.0,6.431798275933005
92,CHEMBL4746726,O=C(Nc1c[nH]nc1-c1cc2cn[nH]c2cc1OC(F)F)c1cnn2cccnc12,active,410.3440000000001,2.8494,3.0,7.0,7.3979400086720375
93,CHEMBL4742382,COc1cc2ccccc2cc1-c1n[nH]cc1NC(=O)c1cnn2cccnc12,active,384.3990000000001,3.533500000000001,2.0,6.0,7.853871964321762
94,CHEMBL4745474,O=C(Nc1c[nH]nc1-c1cc2ccccc2cc1OC(F)F)c1cnn2cccnc12,active,420.3790000000001,4.126300000000002,2.0,6.0,8.193820026016112
95,CHEMBL4750845,CCOC(=O)c1cc2c(=O)oc3cc(O)ccc3c2s1,inactive,290.296,2.8900000000000015,1.0,6.0,4.91721462968355
96,CHEMBL1287853,Cc1cnc(Nc2ccc(OCCN3CCCC3)cc2)nc1Nc1cccc(S(=O)(=O)NC(C)(C)C)c1,active,524.6910000000001,4.823620000000004,3.0,8.0,8.221848749616356
97,CHEMBL4594275,N#CCC1CCN(c2nc(Nc3ccc(N4CCC(O)CC4)cc3)c3c(=O)[nH]ncc3n2)CC1,active,460.5420000000003,2.54788,3.0,9.0,8.301029995663981
98,CHEMBL221959,C[C@@H]1CCN(C(=O)CC#N)C[C@@H]1N(C)c1ncnc2[nH]ccc12,active,312.377,1.5447799999999996,1.0,5.0,6.769551078621726
99,CHEMBL2325898,N#C[C@H]1CCN(C(=O)[C@H](NC(=O)c2c[nH]c3ncc(C4CC4)nc23)C2CC2)C1,active,378.43600000000026,1.715779999999999,2.0,5.0,6.991399828238082
100,CHEMBL2325896,N#CC1CN(C(=O)[C@H](NC(=O)c2c[nH]c3ncc(C4CC4)nc23)C2CC2)C1,active,364.4090000000002,1.3256799999999993,2.0,5.0,6.85078088734462
101,CHEMBL2325895,CC(C)(C)[C@@H](NC(=O)c1c[nH]c2ncc(C3CC3)nc12)C(=O)N1CC(C#N)C1,active,380.45200000000017,1.9617799999999999,2.0,5.0,6.536107011014093
102,CHEMBL2325894,C[C@@H](NC(=O)c1c[nH]c2ncc(C3CC3)nc12)C(=O)N1CC(C#N)C1,intermediate,338.3710000000001,0.9355799999999999,2.0,5.0,5.5951662833800615
103,CHEMBL2325912,C[C@@H](NC(=O)c1c[nH]c2ncc(C3CC3)nc12)C(=O)N1CCC(C#N)C1,intermediate,352.39800000000014,1.32568,2.0,5.0,5.645891560852599
104,CHEMBL2325906,C[C@H](NC(=O)c1c[nH]c2ncc(C3CC3)nc12)C(C)(C)C#N,intermediate,297.36199999999997,2.503380000000001,2.0,4.0,5.590066876668706
105,CHEMBL2325904,C[C@H](NC(=O)c1c[nH]c2ncc(C3CC3)nc12)C(C)(C)O,inactive,288.35099999999994,1.7245,3.0,4.0,4.87942606879415
106,CHEMBL2325903,C[C@H](NC(=O)c1c[nH]c2ncc(C3CC3)nc12)C(C)(C)C,intermediate,286.37899999999996,2.9997000000000016,2.0,3.0,5.471083299722345
107,CHEMBL2376152,C[C@@H](NC(=O)c1c[nH]c2ncc(-c3nn(C)c4cc(Cl)cc(F)c34)nc12)C(=O)N1CC(C#N)C1,inactive,480.89100000000025,2.4043800000000006,2.0,7.0,4.522878745280337
108,CHEMBL2376158,C[C@@H](NC(=O)c1c[nH]c2ncc(-c3ncn4cc(F)cc(F)c34)nc12)C(=O)N1CC(C#N)C1,inactive,450.4090000000002,1.65108,2.0,7.0,4.889410289700751
109,CHEMBL2376157,C[C@@H](NC(=O)c1c[nH]c2ncc(-c3ncn4cc(F)ccc34)nc12)C(=O)N1CC(C#N)C1,intermediate,432.4190000000002,1.51198,2.0,7.0,5.543633966870957
110,CHEMBL2376149,COc1ccc2c(-c3cnc4[nH]cc(C(=O)N[C@H](C)C(=O)N5CC(C#N)C5)c4n3)nn(C)c2c1,intermediate,458.48200000000026,1.620479999999999,2.0,8.0,5.583359492661719
111,CHEMBL2376147,C[C@@H](NC(=O)c1c[nH]c2ncc(-c3nn(C)c4cc(F)ccc34)nc12)C(=O)N1CC(C#N)C1,intermediate,446.4460000000002,1.7509799999999998,2.0,7.0,5.8696662315049934
112,CHEMBL2376144,C[C@@H](NC(=O)c1c[nH]c2ncc(-c3nn(C)c4cc(Cl)ccc34)nc12)C(=O)N1CC(C#N)C1,inactive,462.90100000000024,2.2652799999999997,2.0,7.0,4.522878745280337
113,CHEMBL2376143,C[C@@H](NC(=O)c1c[nH]c2ncc(-c3cn(C)c4cc(Cl)ccc34)nc12)C(=O)N1CC(C#N)C1,active,461.9130000000002,2.870280000000001,2.0,6.0,6.638272163982407
114,CHEMBL2376040,COc1cc(-c2cnc3[nH]cc(C(=O)N[C@H](C)C(=O)N4CC(C#N)C4)c3n2)cc(OC)c1OC,active,464.4820000000003,1.7509799999999993,2.0,8.0,6.309803919971486
115,CHEMBL1789941,N#CC[C@H](C1CCCC1)n1cc(-c2ncnc3[nH]ccc23)cn1,active,306.37300000000005,3.466380000000001,1.0,5.0,7.508638306165727
116,CHEMBL2376439,CC(=O)N[C@@H]1CCc2ccc(Oc3cnc4[nH]cc(C(=O)N[C@@H](C(=O)N5CC(C#N)C5)C5CC5)c4n3)cc21,inactive,513.5580000000003,2.3639799999999997,3.0,7.0,4.522878745280337
117,CHEMBL2376437,CC(=O)N[C@@H]1CCc2ccc(Oc3cnc4[nH]cc(C(=O)N[C@H](C)C5CC5)c4n3)cc21,inactive,419.48500000000024,3.401900000000002,3.0,5.0,4.522878745280337
118,CHEMBL2376436,CC(=O)N[C@@H]1CCc2ccc(Oc3cnc4[nH]cc(C(=O)N[C@@H](C)C5CC5)c4n3)cc21,inactive,419.48500000000024,3.401900000000002,3.0,5.0,4.841637507904751
119,CHEMBL3301607,O=C(Nc1nc2cccc(-c3ccc(CN4CCS(=O)(=O)CC4)cc3)n2n1)C1CC1,intermediate,425.5140000000002,1.9751999999999998,1.0,7.0,5.980883709552927
120,CHEMBL3644620,CCc1cc(O)c(F)cc1-c1ccc2c(-c3nc4c([nH]3)CCN(C(=O)c3cnc(N5CCCCC5)cn3)C4)n[nH]c2c1,intermediate,566.6410000000003,5.005900000000003,3.0,7.0,5.6777807052660805
121,CHEMBL3655081,CCCS(=O)(=O)N[C@H]1C[C@@H](N(C)c2ncnc3[nH]ccc23)C1,active,323.4220000000001,1.2544999999999995,2.0,5.0,6.787812395596042
122,CHEMBL4435170,[2H]C([2H])([2H])NC(=O)c1nnc(NC(=O)C2CC2)cc1Nc1cccc(-c2ncn(C)n2)c1OC,active,425.4673053340002,1.7324,3.0,9.0,6.215382707367125
123,CHEMBL4458435,Cn1cc(Nc2nccc(N3C[C@H]4CC[C@H](C3)N4C(=O)[C@@H]3CC3(F)F)n2)cn1,active,389.41,1.7884999999999995,1.0,7.0,6.525783735923745
124,CHEMBL4561663,NC(=O)c1ccccc1Nc1cc(Nc2ccc(F)cn2)ncc1C(N)=O,active,366.3560000000001,2.3007,4.0,6.0,6.6777807052660805
125,CHEMBL4537678,CNC(=O)c1cnc(Nc2ccc(F)cn2)cc1Nc1ccccc1C(N)=O,inactive,380.3830000000001,2.5614,4.0,6.0,4.903089986991944
126,CHEMBL4559521,CCNC(=O)c1cnc(Nc2ccc(F)cn2)cc1Nc1ccccc1C(N)=O,inactive,394.41000000000014,2.9515000000000002,4.0,6.0,4.903089986991944
127,CHEMBL4466720,NC(=O)c1ccccc1Nc1cc(Nc2ccc(F)cn2)ncc1C(=O)NC1CC1,inactive,406.42100000000016,3.094000000000001,4.0,6.0,4.903089986991944
128,CHEMBL4516272,CN(C)C(=O)c1cnc(Nc2ccc(F)cn2)cc1Nc1ccccc1C(N)=O,inactive,394.41000000000014,2.9036,3.0,6.0,4.903089986991944
129,CHEMBL4526283,CNC(=O)c1cnc(Nc2ccc(F)cn2)cc1Nc1ccccc1S(C)(=O)=O,inactive,415.4500000000001,2.8660000000000014,3.0,7.0,4.903089986991944
130,CHEMBL4530719,CS(=O)(=O)c1ccccc1Nc1cc(Nc2ccc(F)cn2)ncc1C(N)=O,active,401.4230000000002,2.6052999999999997,3.0,7.0,6.585026652029182
131,CHEMBL4444169,[2H]C([2H])([2H])NC(=O)c1cnc(Nc2ccc(F)cn2)cc1Nc1ccccc1S(C)(=O)=O,inactive,418.46830533400015,2.8660000000000014,3.0,7.0,4.903089986991944
132,CHEMBL4297507,C[C@H]1CN(C(=O)CC#N)[C@]12CCN(c1ncnc3[nH]ccc13)C2,active,310.36100000000005,1.2987799999999996,1.0,5.0,7.481486060122112
133,CHEMBL4459585,Cn1cc(-c2cn3nccc3c(-c3cnn([C@]4(CC#N)C[C@@H](C#N)C4)c3)n2)cn1,intermediate,383.4190000000001,2.5358600000000004,0.0,9.0,5.653647025549361
134,CHEMBL4864387,N#CCCn1cc(-c2nc(Nc3ccc4c(ccn4S(=O)(=O)C(F)(F)F)c3)ncc2F)cn1,intermediate,479.4190000000001,3.7888800000000025,1.0,9.0,5.931072388317928
135,CHEMBL5077096,Cc1cnc(Nc2cnn(C(F)F)c2)nc1N1CCC2(CCNC2=O)CC1,intermediate,377.3990000000002,2.2267199999999994,2.0,7.0,5.949156419043081
136,CHEMBL4594441,COc1cc(Nc2ncc(C)c(Nc3ccc4oc(=O)[nH]c4c3)n2)cc(C)c1F,active,395.3940000000001,4.162840000000002,3.0,7.0,6.379863945026242
137,CHEMBL1938642,NC(=O)c1cnc(N)c2cc(-c3ccc(N4CCOCC4)cc3)sc12,active,354.4350000000001,2.481,2.0,6.0,6.261219441515631
138,CHEMBL1938654,CNC(=O)c1cnc(N)c2cc(-c3ccc(S(=O)(=O)NC(C)(C)C)cc3)sc12,active,418.54400000000015,2.9819000000000013,3.0,6.0,6.204119982655925
139,CHEMBL221959,C[C@@H]1CCN(C(=O)CC#N)C[C@@H]1N(C)c1ncnc2[nH]ccc12,active,312.377,1.5447799999999996,1.0,5.0,7.481486060122112
140,CHEMBL1938656,COCCNC(=O)c1cnc(N)c2cc(-c3ccc(S(=O)(=O)NC(C)(C)C)cc3)sc12,intermediate,462.59700000000015,2.998500000000001,3.0,7.0,5.351639989019068
141,CHEMBL1938657,CN(C)CCNC(=O)c1cnc(N)c2cc(-c3ccc(S(=O)(=O)NC(C)(C)C)cc3)sc12,inactive,475.6400000000002,2.913700000000002,3.0,7.0,4.6020599913279625
142,CHEMBL1938659,CC(C)(C)NS(=O)(=O)c1ccc(-c2cc3c(N)ncc(C(=O)NCCN4CCOCC4)c3s2)cc1,intermediate,517.6770000000004,2.6843000000000012,3.0,8.0,5.136677139879544
143,CHEMBL2325898,N#C[C@H]1CCN(C(=O)[C@H](NC(=O)c2c[nH]c3ncc(C4CC4)nc23)C2CC2)C1,intermediate,378.43600000000026,1.715779999999999,2.0,5.0,5.939302159646388
144,CHEMBL2325896,N#CC1CN(C(=O)[C@H](NC(=O)c2c[nH]c3ncc(C4CC4)nc23)C2CC2)C1,active,364.4090000000002,1.3256799999999993,2.0,5.0,6.291579099865287
145,CHEMBL2325895,CC(C)(C)[C@@H](NC(=O)c1c[nH]c2ncc(C3CC3)nc12)C(=O)N1CC(C#N)C1,intermediate,380.45200000000017,1.9617799999999999,2.0,5.0,5.996539467890494
146,CHEMBL2325894,C[C@@H](NC(=O)c1c[nH]c2ncc(C3CC3)nc12)C(=O)N1CC(C#N)C1,active,338.3710000000001,0.9355799999999999,2.0,5.0,6.094204119632131
147,CHEMBL2325912,C[C@@H](NC(=O)c1c[nH]c2ncc(C3CC3)nc12)C(=O)N1CCC(C#N)C1,intermediate,352.39800000000014,1.32568,2.0,5.0,5.29929628285498
148,CHEMBL2325906,C[C@H](NC(=O)c1c[nH]c2ncc(C3CC3)nc12)C(C)(C)C#N,intermediate,297.36199999999997,2.503380000000001,2.0,4.0,5.962573502059376
149,CHEMBL2325904,C[C@H](NC(=O)c1c[nH]c2ncc(C3CC3)nc12)C(C)(C)O,inactive,288.35099999999994,1.7245,3.0,4.0,4.804100347590766
150,CHEMBL2325903,C[C@H](NC(=O)c1c[nH]c2ncc(C3CC3)nc12)C(C)(C)C,intermediate,286.37899999999996,2.9997000000000016,2.0,3.0,5.609064892896621
151,CHEMBL2376152,C[C@@H](NC(=O)c1c[nH]c2ncc(-c3nn(C)c4cc(Cl)cc(F)c34)nc12)C(=O)N1CC(C#N)C1,active,480.89100000000025,2.4043800000000006,2.0,7.0,6.366531544420414
152,CHEMBL2376158,C[C@@H](NC(=O)c1c[nH]c2ncc(-c3ncn4cc(F)cc(F)c34)nc12)C(=O)N1CC(C#N)C1,intermediate,450.4090000000002,1.65108,2.0,7.0,5.889410289700751
153,CHEMBL2376157,C[C@@H](NC(=O)c1c[nH]c2ncc(-c3ncn4cc(F)ccc34)nc12)C(=O)N1CC(C#N)C1,active,432.4190000000002,1.51198,2.0,7.0,6.522878745280337
154,CHEMBL2376149,COc1ccc2c(-c3cnc4[nH]cc(C(=O)N[C@H](C)C(=O)N5CC(C#N)C5)c4n3)nn(C)c2c1,active,458.48200000000026,1.620479999999999,2.0,8.0,6.7447274948966935
155,CHEMBL2376147,C[C@@H](NC(=O)c1c[nH]c2ncc(-c3nn(C)c4cc(F)ccc34)nc12)C(=O)N1CC(C#N)C1,active,446.4460000000002,1.7509799999999998,2.0,7.0,6.823908740944319
156,CHEMBL2376144,C[C@@H](NC(=O)c1c[nH]c2ncc(-c3nn(C)c4cc(Cl)ccc34)nc12)C(=O)N1CC(C#N)C1,active,462.90100000000024,2.2652799999999997,2.0,7.0,6.619788758288394
157,CHEMBL2376143,C[C@@H](NC(=O)c1c[nH]c2ncc(-c3cn(C)c4cc(Cl)ccc34)nc12)C(=O)N1CC(C#N)C1,active,461.9130000000002,2.870280000000001,2.0,6.0,7.301029995663981
158,CHEMBL2376040,COc1cc(-c2cnc3[nH]cc(C(=O)N[C@H](C)C(=O)N4CC(C#N)C4)c3n2)cc(OC)c1OC,active,464.4820000000003,1.7509799999999993,2.0,8.0,7.0
159,CHEMBL1789941,N#CC[C@H](C1CCCC1)n1cc(-c2ncnc3[nH]ccc23)cn1,active,306.37300000000005,3.466380000000001,1.0,5.0,7.638272163982407
160,CHEMBL2376439,CC(=O)N[C@@H]1CCc2ccc(Oc3cnc4[nH]cc(C(=O)N[C@@H](C(=O)N5CC(C#N)C5)C5CC5)c4n3)cc21,intermediate,513.5580000000003,2.3639799999999997,3.0,7.0,5.130181792020672
161,CHEMBL2376437,CC(=O)N[C@@H]1CCc2ccc(Oc3cnc4[nH]cc(C(=O)N[C@H](C)C5CC5)c4n3)cc21,intermediate,419.48500000000024,3.401900000000002,3.0,5.0,5.756961951313706
162,CHEMBL2376436,CC(=O)N[C@@H]1CCc2ccc(Oc3cnc4[nH]cc(C(=O)N[C@@H](C)C5CC5)c4n3)cc21,active,419.48500000000024,3.401900000000002,3.0,5.0,6.154901959985743
163,CHEMBL2105759,CCS(=O)(=O)N1CC(CC#N)(n2cc(-c3ncnc4[nH]ccc34)cn2)C1,active,371.4260000000001,1.09568,1.0,7.0,6.586700235918748
164,CHEMBL3039513,CC[C@@](C)(Nc1ccnc(-c2c[nH]c3ncccc23)n1)C(=O)NCC(F)(F)F,active,392.38500000000005,3.279000000000001,3.0,5.0,6.030584087646019
165,CHEMBL3301607,O=C(Nc1nc2cccc(-c3ccc(CN4CCS(=O)(=O)CC4)cc3)n2n1)C1CC1,intermediate,425.5140000000002,1.9751999999999998,1.0,7.0,5.669586226650809
166,CHEMBL3545215,CCn1c(C(=O)N(C2CC2)C2CC2)cc2c3c(ncn3C)c(Nc3cc(C)n(C)n3)nc21,active,432.53200000000015,3.495420000000002,1.0,8.0,6.00436480540245
167,CHEMBL3765822,CC(C)[C@@H](C)n1cc(-c2cc(C(C)(C)O)n(C)n2)c2[nH]nc(N)c2c1=O,active,358.44600000000014,2.1517,3.0,7.0,6.552841968657781
168,CHEMBL3644620,CCc1cc(O)c(F)cc1-c1ccc2c(-c3nc4c([nH]3)CCN(C(=O)c3cnc(N5CCCCC5)cn3)C4)n[nH]c2c1,intermediate,566.6410000000003,5.005900000000003,3.0,7.0,5.7447274948966935
169,CHEMBL3655081,CCCS(=O)(=O)N[C@H]1C[C@@H](N(C)c2ncnc3[nH]ccc23)C1,intermediate,323.4220000000001,1.2544999999999995,2.0,5.0,5.88672530753565
170,CHEMBL4065693,C=CC(=O)Nc1cccc(CNc2cc(Nc3ccccc3)ncc2C(N)=O)c1,active,387.4430000000001,3.660700000000001,4.0,5.0,7.292429823902063
171,CHEMBL4096145,CC1(C)[C@H](Nc2c(C(N)=O)cnn3cc(-c4ccccc4)cc23)CC[C@]1(C)N,active,377.4920000000002,3.4181000000000017,3.0,5.0,6.698970004336019
172,CHEMBL4068856,Cc1ccccc1-c1cc2c(N[C@@H]3CC[C@](C)(N)C3(C)C)c(C(N)=O)cnn2c1,active,391.5190000000001,3.7265200000000016,3.0,5.0,6.309803919971486
173,CHEMBL4087655,Cc1cccc(-c2cc3c(N[C@@H]4CC[C@](C)(N)C4(C)C)c(C(N)=O)cnn3c2)c1,active,391.51900000000006,3.7265200000000016,3.0,5.0,6.154901959985743
174,CHEMBL4060536,Cc1ccc(-c2cc3c(N[C@@H]4CC[C@](C)(N)C4(C)C)c(C(N)=O)cnn3c2)cc1,intermediate,391.51900000000006,3.7265200000000016,3.0,5.0,5.698970004336019
175,CHEMBL4071255,COc1ccccc1-c1cc2c(N[C@@H]3CC[C@](C)(N)C3(C)C)c(C(N)=O)cnn2c1,active,407.51800000000014,3.426700000000001,3.0,6.0,6.167491087293763
176,CHEMBL4076794,COc1cccc(-c2cc3c(N[C@@H]4CC[C@](C)(N)C4(C)C)c(C(N)=O)cnn3c2)c1,active,407.5180000000001,3.426700000000001,3.0,6.0,6.698970004336019
177,CHEMBL4078773,COc1ccc(-c2cc3c(N[C@@H]4CC[C@](C)(N)C4(C)C)c(C(N)=O)cnn3c2)cc1,active,407.5180000000001,3.426700000000001,3.0,6.0,6.769551078621726
178,CHEMBL4076191,CC1(C)[C@H](Nc2c(C(N)=O)cnn3cc(-c4ccccc4F)cc23)CC[C@]1(C)N,active,395.4820000000002,3.5572000000000017,3.0,5.0,6.200659450546418
179,CHEMBL4071806,CC1(C)[C@H](Nc2c(C(N)=O)cnn3cc(-c4cccc(F)c4)cc23)CC[C@]1(C)N,active,395.4820000000002,3.5572000000000017,3.0,5.0,6.0
180,CHEMBL4077508,CC1(C)[C@H](Nc2c(C(N)=O)cnn3cc(-c4ccc(F)cc4)cc23)CC[C@]1(C)N,active,395.4820000000002,3.5572000000000017,3.0,5.0,6.376750709602099
181,CHEMBL4105015,CC1(C)[C@H](Nc2c(C(N)=O)cnn3cc(-c4ccccc4Cl)cc23)CC[C@]1(C)N,active,411.9370000000002,4.071500000000003,3.0,5.0,6.0
182,CHEMBL4076823,CC1(C)[C@H](Nc2c(C(N)=O)cnn3cc(-c4cccc(Cl)c4)cc23)CC[C@]1(C)N,active,411.9370000000002,4.071500000000003,3.0,5.0,6.107905397309519
183,CHEMBL4083798,CC1(C)[C@H](Nc2c(C(N)=O)cnn3cc(-c4ccccc4C#N)cc23)CC[C@]1(C)N,active,402.50200000000024,3.2897800000000013,3.0,6.0,6.301029995663981
184,CHEMBL4070687,CC1(C)[C@H](Nc2c(C(N)=O)cnn3cc(-c4cccc(C#N)c4)cc23)CC[C@]1(C)N,active,402.50200000000024,3.2897800000000013,3.0,6.0,6.0
185,CHEMBL4091582,CC1(C)[C@H](Nc2c(C(N)=O)cnn3cc(-c4ccc(C#N)cc4)cc23)CC[C@]1(C)N,active,402.50200000000024,3.2897800000000013,3.0,6.0,7.180456064458132
186,CHEMBL3671804,CC1(C)[C@H](Nc2c(C(N)=O)cnn3cc(-c4cccnc4)cc23)CC[C@]1(C)N,active,378.4800000000002,2.8131000000000004,3.0,6.0,6.958607314841775
187,CHEMBL4063870,CC1(C)[C@H](Nc2c(C(N)=O)cnn3cc(-c4ccncc4)cc23)CC[C@]1(C)N,active,378.4800000000002,2.8131000000000004,3.0,6.0,7.251811972993799
188,CHEMBL4089164,CC1(C)[C@H](Nc2c(C(N)=O)cnn3cc(-c4cncnc4)cc23)CC[C@]1(C)N,active,379.4680000000002,2.2081,3.0,7.0,6.619788758288394
189,CHEMBL4060984,CC1(C)[C@H](Nc2c(C(N)=O)cnn3cc(-c4cc[nH]n4)cc23)CC[C@]1(C)N,active,367.45700000000016,2.1412,4.0,6.0,7.0915149811213505
190,CHEMBL4084341,Cc1cnccc1-c1cc2c(N[C@@H]3CC[C@](C)(N)C3(C)C)c(C(N)=O)cnn2c1,active,392.5070000000001,3.1215200000000003,3.0,6.0,7.1249387366083
191,CHEMBL4073562,Cc1cc(-c2cc3c(N[C@@H]4CC[C@](C)(N)C4(C)C)c(C(N)=O)cnn3c2)ccn1,active,392.50700000000006,3.1215200000000003,3.0,6.0,7.259637310505756
192,CHEMBL4079880,CC1(C)[C@H](Nc2c(C(N)=O)cnn3cc(-c4ccncc4F)cc23)CC[C@]1(C)N,active,396.4700000000002,2.9522000000000013,3.0,6.0,6.920818753952375
193,CHEMBL4104127,CC1(C)[C@H](Nc2c(C(N)=O)cnn3cc(-c4ccnc(F)c4)cc23)CC[C@]1(C)N,active,396.4700000000002,2.9522000000000013,3.0,6.0,6.568636235841013
194,CHEMBL4069127,COc1cc(-c2cc3c(N[C@@H]4CC[C@](C)(N)C4(C)C)c(C(N)=O)cnn3c2)ccn1,active,408.5060000000001,2.8217000000000008,3.0,7.0,6.455931955649724
195,CHEMBL3671805,Cc1ccncc1-c1cc2c(N[C@@H]3CC[C@](C)(N)C3(C)C)c(C(N)=O)cnn2c1,active,392.5070000000001,3.1215200000000003,3.0,6.0,7.013228265733755
196,CHEMBL4060444,Cc1ccc(-c2cc3c(N[C@@H]4CC[C@](C)(N)C4(C)C)c(C(N)=O)cnn3c2)cn1,active,392.50700000000006,3.1215200000000003,3.0,6.0,7.075720713938118
197,CHEMBL4088673,CC1(C)[C@H](Nc2c(C(N)=O)cnn3cc(-c4cncc(F)c4)cc23)CC[C@]1(C)N,active,396.4700000000002,2.9522000000000004,3.0,6.0,6.657577319177793
198,CHEMBL4098840,CC1(C)[C@H](Nc2c(C(N)=O)cnn3cc(-c4ccc(F)nc4)cc23)CC[C@]1(C)N,active,396.4700000000002,2.9522000000000004,3.0,6.0,7.0
199,CHEMBL4080797,COc1ccc(-c2cc3c(N[C@@H]4CC[C@](C)(N)C4(C)C)c(C(N)=O)cnn3c2)cn1,active,408.5060000000001,2.8217,3.0,7.0,7.0
200,CHEMBL4091096,CCOc1ccc(-c2cc3c(N[C@@H]4CC[C@](C)(N)C4(C)C)c(C(N)=O)cnn3c2)cn1,active,422.53300000000013,3.2118,3.0,7.0,6.096910013008056
201,CHEMBL4070136,CC(C)Oc1ccc(-c2cc3c(N[C@@H]4CC[C@](C)(N)C4(C)C)c(C(N)=O)cnn3c2)cn1,active,436.5600000000002,3.6003000000000016,3.0,7.0,6.3979400086720375
202,CHEMBL4096795,CC1(C)[C@H](Nc2c(C(N)=O)cnn3cc(-c4ccc(C#N)nc4)cc23)CC[C@]1(C)N,active,403.49000000000024,2.68478,3.0,7.0,6.366531544420414
203,CHEMBL3650985,C=C(C)C(=O)Nc1cccc(-c2ncnc3[nH]cc(C(=O)OCC)c23)c1,active,350.37800000000016,3.316200000000001,2.0,5.0,6.552841968657781
204,CHEMBL4242999,Br.NC(=O)c1cnc2[nH]ccc2c1NC1C2CC3CC1CC(O)(C3)C2,active,326.40000000000015,2.0133,4.0,4.0,7.7447274948966935
205,CHEMBL4447631,Cc1cnc(Nc2ccc(N3CCC(N(C)CCO)CC3)c(F)c2)nc1-c1cnn(C(C)C)c1,active,467.5930000000002,4.005020000000003,2.0,8.0,6.949620243738543
206,CHEMBL4435170,[2H]C([2H])([2H])NC(=O)c1nnc(NC(=O)C2CC2)cc1Nc1cccc(-c2ncn(C)n2)c1OC,active,425.4673053340002,1.7324,3.0,9.0,6.22767829327708
207,CHEMBL4440718,[2H]C([2H])([2H])NC(=O)c1nnc(Nc2ccccn2)cc1Nc1ccccc1S(C)(=O)=O,intermediate,401.4663053340002,2.1219,3.0,8.0,5.2441251443275085
208,CHEMBL4454392,C=CC(=O)N1CCCC(n2nc(-c3cc(C(C)(C)O)n(C)n3)c3c(N)ncnc32)C1,inactive,410.48200000000014,1.3858999999999992,2.0,9.0,5.0
209,CHEMBL4590390,Cn1nc(-c2nn(C3CCCN(C(=O)CC#N)C3)c3ncnc(N)c23)cc1C(C)(C)O,inactive,423.48100000000017,1.1135799999999996,2.0,10.0,5.0
210,CHEMBL4447497,N#CC[C@H]1CC[C@H](n2c(CC(=O)NC34CCC(C(N)=O)(CC3)CC4)nc3cnc4[nH]ccc4c32)CC1,active,487.60800000000035,3.7945800000000016,3.0,6.0,6.388276691992658
211,CHEMBL4582390,N#CC[C@H]1CC[C@H](n2c(CC(=O)N[C@H]3CC[C@H](O)CC3)nc3cnc4[nH]ccc4c32)CC1,active,434.54400000000027,3.5197800000000017,3.0,6.0,6.987162775294828
212,CHEMBL4588333,N#CC[C@H]1CC[C@H](n2c(CC(=O)NCc3ccc(F)cc3)nc3cnc4[nH]ccc4c32)CC1,active,444.5140000000002,4.5555800000000035,2.0,5.0,8.585026652029182
213,CHEMBL4437638,N#CC[C@H]1CC[C@H](n2c(CNC(=O)CC3CC3)nc3cnc4[nH]ccc4c32)CC1,active,390.49100000000016,3.973880000000003,2.0,5.0,8.0268721464003
214,CHEMBL4439418,N#CC[C@H]1CC[C@H](n2c(CC(=O)NCC(F)(F)F)nc3cnc4[nH]ccc4c32)CC1,active,418.4230000000002,3.7785800000000016,2.0,5.0,8.148741651280925
215,CHEMBL4537718,CC(C)(C#N)CNC(=O)Cc1nc2cnc3[nH]ccc3c2n1[C@H]1CC[C@H](CC#N)CC1,active,417.51700000000034,3.766060000000003,2.0,6.0,8.013228265733755
216,CHEMBL4456630,N#CC[C@H]1CC[C@H](n2c(CC(=O)N3CCC(N4CCOCC4)CC3)nc3cnc4[nH]ccc4c32)CC1,active,489.62400000000036,3.423280000000002,1.0,7.0,7.327902142064283
217,CHEMBL4563534,N#CCCNC(=O)Cc1nc2cnc3[nH]ccc3c2n1[C@H]1CC[C@H](CC#N)CC1,active,389.46300000000025,3.1299600000000014,2.0,6.0,7.443697499232712
218,CHEMBL4514898,CC(C)CN1CCC(NC(=O)Cc2nc3cnc4[nH]ccc4c3n2[C@H]2CC[C@H](CC#N)CC2)CC1,active,475.64100000000036,4.336680000000003,2.0,6.0,7.267606240177032
219,CHEMBL4473572,CC(C)(O)CNC(=O)Cc1nc2cnc3[nH]ccc3c2n1[C@H]1CC[C@H](CC#N)CC1,active,408.5060000000003,2.9871800000000013,3.0,6.0,7.657577319177793
220,CHEMBL4458435,Cn1cc(Nc2nccc(N3C[C@H]4CC[C@H](C3)N4C(=O)[C@@H]3CC3(F)F)n2)cn1,active,389.41,1.7884999999999995,1.0,7.0,6.623423042943488
221,CHEMBL4561663,NC(=O)c1ccccc1Nc1cc(Nc2ccc(F)cn2)ncc1C(N)=O,active,366.3560000000001,2.3007,4.0,6.0,6.3979400086720375
222,CHEMBL4537678,CNC(=O)c1cnc(Nc2ccc(F)cn2)cc1Nc1ccccc1C(N)=O,inactive,380.3830000000001,2.5614,4.0,6.0,4.903089986991944
223,CHEMBL4559521,CCNC(=O)c1cnc(Nc2ccc(F)cn2)cc1Nc1ccccc1C(N)=O,inactive,394.41000000000014,2.9515000000000002,4.0,6.0,4.903089986991944
224,CHEMBL4466720,NC(=O)c1ccccc1Nc1cc(Nc2ccc(F)cn2)ncc1C(=O)NC1CC1,inactive,406.42100000000016,3.094000000000001,4.0,6.0,4.903089986991944
225,CHEMBL4516272,CN(C)C(=O)c1cnc(Nc2ccc(F)cn2)cc1Nc1ccccc1C(N)=O,inactive,394.41000000000014,2.9036,3.0,6.0,4.903089986991944
226,CHEMBL4526283,CNC(=O)c1cnc(Nc2ccc(F)cn2)cc1Nc1ccccc1S(C)(=O)=O,inactive,415.4500000000001,2.8660000000000014,3.0,7.0,4.903089986991944
227,CHEMBL4530719,CS(=O)(=O)c1ccccc1Nc1cc(Nc2ccc(F)cn2)ncc1C(N)=O,active,401.4230000000002,2.6052999999999997,3.0,7.0,6.017728766960431
228,CHEMBL4444169,[2H]C([2H])([2H])NC(=O)c1cnc(Nc2ccc(F)cn2)cc1Nc1ccccc1S(C)(=O)=O,inactive,418.46830533400015,2.8660000000000014,3.0,7.0,4.903089986991944
229,CHEMBL4558494,O=c1[nH]cccc1Nc1ncc2[nH]c(=O)n([C@@H]3CCOc4c(F)cccc43)c2n1,active,394.36600000000016,2.0625,3.0,7.0,7.017728766960431
230,CHEMBL4526498,O=c1[nH]cc(F)cc1Nc1ncc2[nH]c(=O)n([C@@H]3CCOc4c(F)cccc43)c2n1,active,412.3560000000002,2.2016,3.0,7.0,7.119186407719209
231,CHEMBL4482927,O=c1[nH]cc(Cl)cc1Nc1ncc2[nH]c(=O)n([C@@H]3CCOc4c(F)cccc43)c2n1,active,428.81100000000026,2.7159000000000004,3.0,7.0,7.356547323513812
232,CHEMBL4536419,Cc1c[nH]c(=O)c(Nc2ncc3[nH]c(=O)n([C@@H]4CCOc5c(F)cccc54)c3n2)c1,active,408.39300000000014,2.37092,3.0,7.0,6.886056647693163
233,CHEMBL4556988,O=c1[nH]cccc1Nc1ncc2[nH]c(=O)n([C@@H]3CC[C@@H](O)c4ccccc43)c2n1,active,390.40300000000013,1.9680999999999995,4.0,7.0,6.886056647693163
234,CHEMBL4458055,C[C@H](c1ccc(F)cn1)n1c(=O)[nH]c2cnc(Nc3ccc[nH]c3=O)nc21,active,367.3440000000001,1.6948999999999996,3.0,7.0,6.853871964321762
235,CHEMBL4517586,C[C@H](c1ccc(F)cn1)n1c(=O)[nH]c2cnc(Nc3cc(F)c[nH]c3=O)nc21,active,385.3340000000001,1.8339999999999996,3.0,7.0,6.886056647693163
236,CHEMBL4460058,C[C@H](c1ccc(F)cn1)n1c(=O)[nH]c2cnc(Nc3cc(Cl)c[nH]c3=O)nc21,active,401.78900000000016,2.348299999999999,3.0,7.0,7.167491087293763
237,CHEMBL4550310,N#CCC(=O)N1CCC[C@H](n2c(=O)[nH]c3cnc(Nc4ccc[nH]c4=O)nc32)C1,active,394.39500000000015,0.62868,3.0,8.0,6.119186407719209
238,CHEMBL4443416,N#CCC(=O)N1CCC[C@H](n2c(=O)[nH]c3cnc(Nc4cc(Cl)c[nH]c4=O)nc32)C1,intermediate,428.8400000000002,1.28208,3.0,8.0,5.468521082957745
239,CHEMBL4587709,N#CCC(=O)N1CCC[C@@H](n2c(=O)[nH]c3cnc(Nc4ccc[nH]c4=O)nc32)C1,intermediate,394.39500000000015,0.62868,3.0,8.0,5.468521082957745
240,CHEMBL4463007,N#CC[C@H]1CC[C@H](n2c(=O)[nH]c3cnc(Nc4ccc[nH]c4=O)nc32)CC1,active,365.39700000000016,2.19648,3.0,7.0,7.3872161432802645
241,CHEMBL4526485,N#CC[C@H]1CC[C@H](n2c(=O)[nH]c3cnc(Nc4cc(Cl)c[nH]c4=O)nc32)CC1,active,399.84200000000016,2.8498800000000006,3.0,7.0,7.337242168318426
242,CHEMBL4476445,N#Cc1ccc2ncc(-c3ncc4[nH]c(=O)n(C5CCOCC5)c4n3)n2c1,intermediate,361.3650000000002,1.6574799999999996,1.0,8.0,5.958607314841775
243,CHEMBL4463215,O=c1[nH]c2cnc(-c3cnc4ccc(F)cn34)nc2n1C1CCOCC1,active,354.3450000000002,1.9248999999999998,1.0,7.0,6.455931955649724
244,CHEMBL4635876,OCCn1cc(Nc2ncc(Cl)c(NCc3cc(F)ccc3F)n2)cn1,active,380.78600000000006,2.9527,3.0,7.0,8.100015437450608
245,CHEMBL4634979,COc1cc(-c2cnc3cccc(-c4cc(F)c(CN5CCS(=O)(=O)CC5)c(F)c4)c3n2)ccc1OCCCN1CCOCC1,active,638.7369999999999,4.582100000000004,0.0,9.0,6.499996931948306
246,CHEMBL4297507,C[C@H]1CN(C(=O)CC#N)[C@]12CCN(c1ncnc3[nH]ccc13)C2,active,310.36100000000005,1.2987799999999996,1.0,5.0,7.3979400086720375
247,CHEMBL4459585,Cn1cc(-c2cn3nccc3c(-c3cnn([C@]4(CC#N)C[C@@H](C#N)C4)c3)n2)cn1,intermediate,383.4190000000001,2.5358600000000004,0.0,9.0,5.310691140876379
248,CHEMBL4789639,[2H]C([2H])([2H])NC(=O)c1cnc(NC(=O)C2CC2)cc1Nc1cccc(-c2ncc(F)cn2)c1OC,inactive,439.46530533400016,3.138000000000001,3.0,7.0,4.903089986991944
249,CHEMBL4870912,CCS(=O)(=O)N1CC(CC#N)(n2cc(-n3c(-c4ccc(CO)o4)cc4cnc5[nH]ccc5c43)cn2)C1,inactive,505.56000000000023,2.7298800000000014,2.0,9.0,5.0
250,CHEMBL4869338,CCS(=O)(=O)N1CC(CC#N)(n2cc(-n3c(-c4cccs4)cc4cnc5[nH]ccc5c43)cn2)C1,inactive,491.60200000000015,3.7060800000000027,1.0,8.0,5.0
251,CHEMBL4867261,N#CCCn1cc(-n2c(-c3cccs3)cc3cnc4[nH]ccc4c32)cn1,inactive,358.43000000000006,4.345480000000003,1.0,6.0,5.0
252,CHEMBL4872996,N#CCCCn1cc(-n2ccc3cnc4[nH]ccc4c32)cn1,inactive,290.33000000000004,3.007080000000001,1.0,5.0,4.971022294791222
253,CHEMBL4853377,Cc1ccc(-c2cc3cnc4[nH]ccc4c3n2-c2cnn(CCCC#N)c2)o1,intermediate,370.41600000000017,4.575500000000003,1.0,6.0,5.0195421077238995
254,CHEMBL4869982,Cc1ccc(-c2cc3cnc4[nH]ccc4c3n2-c2cnn(CCCC#N)c2)s1,intermediate,386.48400000000015,5.044000000000002,1.0,6.0,5.265200170411153
255,CHEMBL4854943,N#CCCCn1cc(-n2c(C3CCC3)cc3cnc4[nH]ccc4c32)cn1,intermediate,344.422,4.274580000000003,1.0,5.0,5.273272790973428
256,CHEMBL5077096,Cc1cnc(Nc2cnn(C(F)F)c2)nc1N1CCC2(CCNC2=O)CC1,active,377.3990000000002,2.2267199999999994,2.0,7.0,6.5292955702772115
257,CHEMBL5077653,CCc1cc(O)c(F)cc1-c1cc(OC)c2nc(N)ncc2c1,active,313.332,3.2947000000000015,2.0,5.0,6.199998172182031
258,CHEMBL5084542,CCc1cc(O)c(F)cc1-c1cc(NC2CCN(C(C)=O)CC2)c2nc(N)ncc2c1,active,423.49200000000025,3.7089000000000016,3.0,6.0,7.599980364934842
259,CHEMBL5082928,CCc1cc(O)c(F)cc1-c1cc(NCCO)c2nc(N)ncc2c1,active,342.374,2.6902999999999997,4.0,6.0,6.499996931948306
260,CHEMBL5084913,CCc1cc(O)c(F)cc1-c1cc(N(C)CCO)c2nc(N)ncc2c1,active,356.40100000000007,2.7146,3.0,6.0,6.299997602857746
261,CHEMBL5084340,CCc1cc(O)c(F)cc1-c1cc(NCCCO)c2nc(N)ncc2c1,active,356.40100000000007,3.0804,4.0,6.0,6.399996913372259
262,CHEMBL5078647,CCc1cc(O)c(F)cc1-c1cc(N[C@@H](C)CO)c2nc(N)ncc2c1,active,356.40100000000007,3.0788,4.0,6.0,7.100015437450609
263,CHEMBL5074310,CCc1cc(O)c(F)cc1-c1cc(N[C@H](C)CO)c2nc(N)ncc2c1,active,356.40100000000007,3.0788,4.0,6.0,6.299997602857746
264,CHEMBL5078141,CCc1cc(O)c(F)cc1-c1cc(NC[C@H](C)O)c2nc(N)ncc2c1,active,356.40100000000007,3.0788,4.0,6.0,7.100015437450609
265,CHEMBL5079248,CCc1cc(O)c(F)cc1-c1cc(NC[C@@H](C)O)c2nc(N)ncc2c1,active,356.40100000000007,3.0788,4.0,6.0,6.799998134593398
266,CHEMBL5085176,CCc1cc(O)c(F)cc1-c1cc(NC(CO)CO)c2nc(N)ncc2c1,active,372.4000000000001,2.051199999999999,5.0,7.0,6.599997654072044
267,CHEMBL5076068,CCc1cc(O)c(F)cc1-c1cc(NCCNC)c2nc(N)ncc2c1,active,355.4170000000001,2.9173999999999998,4.0,6.0,7.299988937677887
268,CHEMBL5077126,CCc1cc(O)c(F)cc1-c1cc(NC2CCN(C)CC2)c2nc(N)ncc2c1,active,395.4820000000002,3.792200000000002,3.0,6.0,7.599980364934842
269,CHEMBL5075223,CCc1cc(O)c(F)cc1-c1cc(NCC2CCN(C)CC2)c2nc(N)ncc2c1,active,409.5090000000002,4.039800000000002,3.0,6.0,6.900008766455316
270,CHEMBL5087255,CCc1cc(O)c(F)cc1-c1cc(N[C@@H]2CCCN(C)C2)c2nc(N)ncc2c1,active,395.48200000000014,3.792200000000001,3.0,6.0,6.599997654072044
271,CHEMBL5086526,CCc1cc(O)c(F)cc1-c1cc(N[C@H]2CCCN(C)C2)c2nc(N)ncc2c1,active,395.48200000000014,3.792200000000001,3.0,6.0,7.50003813440381
272,CHEMBL5076189,CCc1cc(O)c(F)cc1-c1cc(N[C@H]2C[C@H]3CC[C@@H](C2)N3)c2nc(N)ncc2c1,active,407.49300000000017,3.9810000000000016,4.0,6.0,7.400007822415902
273,CHEMBL5075673,CCc1cc(O)c(F)cc1-c1cc(N[C@@H]2C[C@H]3CC[C@@H](C2)N3)c2nc(N)ncc2c1,active,407.49300000000017,3.9810000000000016,4.0,6.0,6.900008766455316
274,CHEMBL5076101,CCc1cc(O)c(F)cc1-c1cc(N[C@@H](C)CO)c2nc(NCCCN(C)C)ncc2c1,active,441.5510000000002,3.8602000000000025,4.0,7.0,6.900008766455316
275,CHEMBL5094089,CCc1cc(O)c(F)cc1-c1cc(N[C@@H](C)CO)c2nc(NCCOCCN(C)C)ncc2c1,active,471.5770000000003,3.4867000000000017,4.0,8.0,6.599997654072044
276,CHEMBL5075556,CCc1cc(O)c(F)cc1-c1cc(N[C@@H](C)CO)c2nc(NCCCCCN(C)C)ncc2c1,active,469.6050000000003,4.640400000000003,4.0,7.0,7.199970640755866
277,CHEMBL5198005,CCNC(=O)c1ccc(Nc2cc(-c3c(F)cccc3F)nc3c2C(=O)NC3)nc1,active,409.39600000000013,3.158500000000001,3.0,5.0,7.1938200260161125
278,CHEMBL5182688,O=C1NCc2nc(-c3c(F)cccc3F)cc(Nc3ccc(C(=O)N4CCOCC4)cc3)c21,active,450.44500000000033,3.486200000000002,2.0,5.0,6.769551078621726
279,CHEMBL5180050,O=C1NCc2nc(-c3c(F)cccc3F)cc(Nc3ccc(C(=O)N4CCCC4)cc3)c21,active,434.4460000000003,4.249800000000003,2.0,4.0,6.619788758288394
280,CHEMBL5204815,Cc1cnc(Nc2cccc(S(N)(=O)=O)c2)nc1Nc1ccc2c(c1)NC(=O)CO2,active,426.4580000000002,2.25052,4.0,8.0,7.468521082957745
281,CHEMBL5178640,Cc1cnc(Nc2cccc(S(N)(=O)=O)c2)nc1Nc1ccc2c(c1)NC(=O)C(C)(C)O2,active,454.5120000000002,3.0291200000000007,4.0,8.0,7.769551078621726
282,CHEMBL5208935,Cc1cnc(Nc2cccc(S(N)(=O)=O)c2)nc1Nc1ccc2c(c1)NC(=O)C(F)(F)O2,active,462.43800000000016,2.8433200000000003,4.0,8.0,6.97469413473523
283,CHEMBL5169819,Cc1cnc(Nc2cccc(S(N)(=O)=O)c2)nc1Nc1ccc2oc(=O)[nH]c2c1,active,412.43100000000015,2.35412,4.0,8.0,7.468521082957745
284,CHEMBL5183029,Cc1cnc(Nc2cccc(S(N)(=O)=O)c2)nc1Nc1ccc2[nH]c(=O)oc2c1,active,412.43100000000015,2.35412,4.0,8.0,7.040958607678906
285,CHEMBL5199794,Cc1cnc(Nc2cccc(S(N)(=O)=O)c2)nc1Nc1ccc2[nH]c(=O)[nH]c2c1,active,411.4470000000001,2.0892199999999996,5.0,7.0,7.036212172654444
286,CHEMBL5189275,Cc1cnc(Nc2cccc(S(N)(=O)=O)c2)nc1Nc1ccc2oc(=O)n(C)c2c1,active,426.4580000000002,2.3645199999999997,3.0,9.0,7.187086643357144
287,CHEMBL5201990,Cc1cnc(Nc2cccc(S(N)(=O)=O)c2)nc1Nc1ccc2c(c1)oc(=O)n2C,active,426.4580000000002,2.3645199999999997,3.0,9.0,7.161150909262744
288,CHEMBL5190167,Cc1cnc(Nc2cccc(S(N)(=O)=O)c2)nc1Nc1ccc2c(c1)[nH]c(=O)n2C,active,425.47400000000016,2.09962,4.0,8.0,7.113509274827518
289,CHEMBL5192620,Cc1cnc(Nc2cccc(S(N)(=O)=O)c2)nc1Nc1ccc2c(c1)n(C)c(=O)n2C,active,439.5010000000002,2.1100199999999996,3.0,9.0,6.935542010773082
290,CHEMBL5196240,NS(=O)(=O)c1cccc(Nc2ncc(F)c(Nc3ccc4oc(=O)[nH]c4c3)n2)c1,active,416.3940000000001,2.1848,4.0,8.0,7.096910013008056
291,CHEMBL5179252,NS(=O)(=O)c1cccc(Nc2nccc(Nc3ccc4oc(=O)[nH]c4c3)n2)c1,active,398.4040000000001,2.0456999999999996,4.0,8.0,6.6252516539898965
292,CHEMBL5203476,COc1nc2ccc(Nc3nc(Nc4cccc(S(N)(=O)=O)c4)ncc3C)cc2s1,inactive,442.5260000000002,3.5379200000000015,3.0,9.0,4.885055584287415
293,CHEMBL5204045,Cc1cnc(Nc2ccc(S(N)(=O)=O)cc2)nc1Nc1ccc2oc(=O)[nH]c2c1,active,412.43100000000015,2.35412,4.0,8.0,6.924453038607469
294,CHEMBL5204721,Cc1cnc(Nc2cccc(NS(C)(=O)=O)c2)nc1Nc1ccc2oc(=O)[nH]c2c1,active,426.45800000000014,3.078220000000001,4.0,8.0,7.494850021680094
295,CHEMBL5175645,Cc1cnc(Nc2ccc(NS(C)(=O)=O)cc2)nc1Nc1ccc2oc(=O)[nH]c2c1,active,426.45800000000014,3.078220000000001,4.0,8.0,7.638272163982407
296,CHEMBL5191312,Cc1cnc(Nc2cccc(S(C)(=O)=O)c2)nc1Nc1ccc2oc(=O)[nH]c2c1,active,411.44300000000015,3.110220000000001,3.0,8.0,7.958607314841775
297,CHEMBL5186181,Cc1cnc(Nc2ccc(S(C)(=O)=O)cc2)nc1Nc1ccc2oc(=O)[nH]c2c1,active,411.44300000000015,3.110220000000001,3.0,8.0,7.7447274948966935
298,CHEMBL5179746,Cc1cnc(Nc2cccc(C#N)c2)nc1Nc1ccc2oc(=O)[nH]c2c1,active,358.3610000000001,3.5784000000000002,3.0,7.0,7.292429823902063
299,CHEMBL5194652,Cc1cnc(Nc2ccc(C#N)cc2)nc1Nc1ccc2oc(=O)[nH]c2c1,active,358.3610000000001,3.5784000000000002,3.0,7.0,7.1938200260161125
300,CHEMBL5205935,Cc1cnc(Nc2ccc(N3CCN(C)CC3)nc2)nc1Nc1ccc2oc(=O)[nH]c2c1,active,432.4880000000001,2.8535200000000005,3.0,9.0,7.698970004336019
301,CHEMBL5207437,Cc1cnc(Nc2ccc(N3CCOCC3)nc2)nc1Nc1ccc2oc(=O)[nH]c2c1,active,419.4450000000001,2.93832,3.0,9.0,7.657577319177793
302,CHEMBL5192889,COc1cc(Nc2ncc(C)c(Nc3ccc4oc(=O)[nH]c4c3)n2)cc(OC)c1OC,active,423.4290000000002,3.732520000000002,3.0,9.0,7.585026652029182
303,CHEMBL5198389,COc1cc(Nc2ncc(C)c(Nc3ccc4oc(=O)[nH]c4c3)n2)cc(OC)c1,active,393.40300000000013,3.7239200000000015,3.0,8.0,7.6777807052660805
304,CHEMBL5173045,COc1cc(Nc2ncc(C)c(Nc3ccc4oc(=O)[nH]c4c3)n2)cc(C(F)(F)F)c1,active,431.3740000000001,4.7341200000000025,3.0,7.0,7.431798275933005
305,CHEMBL5192063,COc1ccc(Nc2ncc(C)c(Nc3ccc4oc(=O)[nH]c4c3)n2)cc1C(F)(F)F,active,431.3740000000001,4.734120000000002,3.0,7.0,7.42021640338319
306,CHEMBL5203646,Cc1cnc(Nc2ccc(F)c(C(F)(F)F)c2)nc1Nc1ccc2oc(=O)[nH]c2c1,active,419.3380000000001,4.864620000000001,3.0,6.0,7.236572006437063
307,CHEMBL5209379,COc1cc(Nc2ncc(C)c(Nc3ccc4oc(=O)[nH]c4c3)n2)cc(C(F)F)c1,active,413.38400000000007,4.652920000000003,3.0,7.0,8.045757490560675
308,CHEMBL5170161,COc1cc(CF)cc(Nc2ncc(C)c(Nc3ccc4oc(=O)[nH]c4c3)n2)c1,active,395.3940000000001,4.184820000000001,3.0,7.0,8.045757490560675
309,CHEMBL5184050,COc1cc(C)cc(Nc2ncc(C)c(Nc3ccc4oc(=O)[nH]c4c3)n2)c1,active,377.4040000000001,4.023740000000002,3.0,7.0,7.638272163982407
310,CHEMBL5187209,COc1cc(Nc2ncc(C)c(Nc3ccc4oc(=O)[nH]c4c3)n2)cc(C)c1OC,active,407.4300000000002,4.032340000000002,3.0,8.0,7.920818753952375
311,CHEMBL5188333,COc1cc(Nc2ncc(C)c(Nc3ccc4oc(=O)[nH]c4c3)n2)cc(C)c1C,active,391.43100000000015,4.332160000000003,3.0,7.0,7.431798275933005
312,CHEMBL4594441,COc1cc(Nc2ncc(C)c(Nc3ccc4oc(=O)[nH]c4c3)n2)cc(C)c1F,active,395.3940000000001,4.162840000000002,3.0,7.0,7.698970004336019
313,CHEMBL5191508,[2H]C([2H])([2H])NC(=O)c1nnc(NC(=O)C2CC2)cc1Nc1cccc(C(=O)Nc2ccc(NC[C@H]3COCCO3)cc2)c1OC,active,578.6443053340004,3.0165000000000006,5.0,10.0,7.3872161432802645
314,CHEMBL5172397,O=C(Nc1nc2cccc(C3CCC4(CC3)CN(C(=O)[C@@H]3CC3(F)F)C4)n2n1)C1CC1,active,429.4710000000001,3.2192000000000016,1.0,5.0,6.802995271976954
315,CHEMBL2105759,CCS(=O)(=O)N1CC(CC#N)(n2cc(-c3ncnc4[nH]ccc34)cn2)C1,active,371.4260000000001,1.09568,1.0,7.0,7.542118103266008
316,CHEMBL221959,C[C@@H]1CCN(C(=O)CC#N)C[C@@H]1N(C)c1ncnc2[nH]ccc12,active,312.377,1.5447799999999996,1.0,5.0,7.455931955649724
317,CHEMBL1789941,N#CC[C@H](C1CCCC1)n1cc(-c2ncnc3[nH]ccc23)cn1,active,306.37300000000005,3.466380000000001,1.0,5.0,6.7121982700697735
318,CHEMBL3039513,CC[C@@](C)(Nc1ccnc(-c2c[nH]c3ncccc23)n1)C(=O)NCC(F)(F)F,intermediate,392.38500000000005,3.279000000000001,3.0,5.0,5.889410289700751
319,CHEMBL3301607,O=C(Nc1nc2cccc(-c3ccc(CN4CCS(=O)(=O)CC4)cc3)n2n1)C1CC1,intermediate,425.5140000000002,1.9751999999999998,1.0,7.0,5.823908740944319
320,CHEMBL3765822,CC(C)[C@@H](C)n1cc(-c2cc(C(C)(C)O)n(C)n2)c2[nH]nc(N)c2c1=O,active,358.44600000000014,2.1517,3.0,7.0,7.187086643357144
321,CHEMBL3644620,CCc1cc(O)c(F)cc1-c1ccc2c(-c3nc4c([nH]3)CCN(C(=O)c3cnc(N5CCCCC5)cn3)C4)n[nH]c2c1,active,566.6410000000003,5.005900000000003,3.0,7.0,6.2076083105017466
322,CHEMBL4101374,CN(c1ncnc2[nH]ccc12)[C@H]1C[C@@H](NS(=O)(=O)c2ccccc2)C1,active,357.43900000000014,1.9035999999999997,2.0,5.0,6.806875401645538
323,CHEMBL4100431,CN(c1ncnc2[nH]ccc12)[C@H]1C[C@@H](NS(C)(=O)=O)C1,active,295.3680000000001,0.4742999999999998,2.0,5.0,6.1249387366083
324,CHEMBL4092805,CCS(=O)(=O)N[C@H]1C[C@@H](N(C)c2ncnc3[nH]ccc23)C1,active,309.39500000000004,0.8644000000000001,2.0,5.0,6.031517051446065
325,CHEMBL3655082,CC(C)CS(=O)(=O)N[C@H]1C[C@@H](N(C)c2ncnc3[nH]ccc23)C1,active,337.44900000000007,1.5004999999999995,2.0,5.0,6.673664139071248
326,CHEMBL3655080,CN(c1ncnc2[nH]ccc12)[C@H]1C[C@@H](NS(=O)(=O)CC(F)(F)F)C1,active,363.3650000000001,1.4067999999999998,2.0,5.0,6.8326826652518236
327,CHEMBL4103698,CN(c1ncnc2[nH]ccc12)[C@H]1C[C@@H](NS(=O)(=O)c2ccc(F)cc2)C1,active,375.42900000000014,2.0427,2.0,5.0,6.97061622231479
328,CHEMBL4085011,CN(c1ncnc2[nH]ccc12)[C@H]1C[C@@H](NS(=O)(=O)Cc2ccccc2)C1,intermediate,371.4660000000002,2.0446999999999997,2.0,5.0,5.605548319173784
329,CHEMBL4098094,CCCNS(=O)(=O)N[C@H]1C[C@@H](N(C)c2ncnc3[nH]ccc23)C1,active,338.43700000000007,0.7591000000000006,3.0,5.0,6.480172006224281
330,CHEMBL3655097,CN(c1ncnc2[nH]ccc12)[C@H]1C[C@@H](NS(=O)(=O)NCC2CC2)C1,active,350.4480000000002,0.7590999999999997,3.0,5.0,6.111820506081675
331,CHEMBL4100048,CCS(=O)(=O)C[C@H]1C[C@@H](N(C)c2ncnc3[nH]ccc23)C1,active,308.4070000000001,1.6073999999999997,1.0,5.0,6.142064735280571
332,CHEMBL4090590,CCCS(=O)(=O)C[C@H]1C[C@@H](N(C)c2ncnc3[nH]ccc23)C1,intermediate,322.434,1.9974999999999994,1.0,5.0,5.853871964321762
333,CHEMBL3658860,CCCCS(=O)(=O)C[C@H]1C[C@@H](N(C)c2ncnc3[nH]ccc23)C1,active,336.46100000000007,2.3876,1.0,5.0,6.809668301829708
334,CHEMBL3655081,CCCS(=O)(=O)N[C@H]1C[C@@H](N(C)c2ncnc3[nH]ccc23)C1,active,323.4220000000001,1.2544999999999995,2.0,5.0,6.723538195826756
335,CHEMBL4101725,CCCS(=O)(=O)N[C@H]1C[C@H](N(C)c2ncnc3[nH]ccc23)C1,intermediate,323.4220000000001,1.2544999999999995,2.0,5.0,5.1904402853647325
336,CHEMBL4087961,CCCCS(=O)(=O)N[C@H]1C[C@@H](N(C)c2ncnc3[nH]ccc23)C1,active,337.44900000000007,1.6445999999999998,2.0,5.0,6.59176003468815
337,CHEMBL4059667,CN(c1ncnc2[nH]ccc12)[C@H]1C[C@@H](NS(=O)(=O)C2CC2)C1,active,321.4060000000002,1.0068999999999997,2.0,5.0,7.050609993355087
338,CHEMBL3655095,CN(c1ncnc2[nH]ccc12)[C@H]1C[C@@H](NS(=O)(=O)CC2CC2)C1,active,335.4330000000002,1.2544999999999995,2.0,5.0,6.586700235918748
339,CHEMBL4068319,CN(c1ncnc2[nH]ccc12)[C@H]1C[C@@H](NS(=O)(=O)CC2CCC2)C1,active,349.46000000000026,1.6445999999999994,2.0,5.0,6.701146923590294
340,CHEMBL4103435,CN(c1ncnc2[nH]ccc12)[C@H]1C[C@@H](NS(=O)(=O)CCC(F)(F)F)C1,active,377.39200000000017,1.7968999999999997,2.0,5.0,6.1598939055432425
341,CHEMBL4079179,CN(c1ncnc2[nH]ccc12)[C@H]1C[C@@H](NS(=O)(=O)CCCC(F)(F)F)C1,active,391.4190000000002,2.1869999999999994,2.0,5.0,6.43533393574791
342,CHEMBL4065613,COCCS(=O)(=O)N[C@H]1C[C@@H](N(C)c2ncnc3[nH]ccc23)C1,active,339.4210000000001,0.4909000000000006,2.0,6.0,6.2020403562628035
343,CHEMBL4087044,COCCCS(=O)(=O)N[C@H]1C[C@@H](N(C)c2ncnc3[nH]ccc23)C1,active,353.4480000000001,0.8810000000000002,2.0,6.0,6.221125527997261
344,CHEMBL4099048,CN(c1ncnc2[nH]ccc12)[C@H]1C[C@@H](NS(=O)(=O)CCCC#N)C1,active,348.43200000000024,1.1482799999999997,2.0,6.0,6.665546248849069
345,CHEMBL3655086,CN(c1ncnc2[nH]ccc12)[C@H]1C[C@@H](NS(=O)(=O)CC2COC2)C1,active,351.43200000000024,0.49089999999999967,2.0,6.0,6.795880017344075
346,CHEMBL4085264,CCN(C)S(=O)(=O)N[C@H]1C[C@@H](N(C)c2ncnc3[nH]ccc23)C1,active,338.43700000000007,0.7112000000000009,2.0,5.0,6.684029654543083
347,CHEMBL4063642,CN(C1CC1)S(=O)(=O)N[C@H]1C[C@@H](N(C)c2ncnc3[nH]ccc23)C1,active,350.4480000000001,0.8536999999999999,2.0,5.0,6.730487055782084
348,CHEMBL4077614,CN(c1ncnc2[nH]ccc12)[C@H]1C[C@@H](NS(=O)(=O)N2CCCCC2)C1,intermediate,364.4750000000003,1.2453999999999996,2.0,5.0,5.924818145381308
349,CHEMBL3655104,CN(CCC#N)S(=O)(=O)N[C@H]1C[C@@H](N(C)c2ncnc3[nH]ccc23)C1,active,363.4470000000001,0.6049800000000007,2.0,6.0,6.85078088734462
350,CHEMBL4066404,CCCCN(C)S(=O)(=O)C[C@H]1C[C@@H](N(C)c2ncnc3[nH]ccc23)C1,active,365.50300000000004,2.2344,1.0,5.0,6.1904402853647325
351,CHEMBL4093955,CN(CC1CC1)S(=O)(=O)C[C@H]1C[C@@H](N(C)c2ncnc3[nH]ccc23)C1,active,363.4870000000001,1.8442999999999996,1.0,5.0,6.8297382846050425
352,CHEMBL4104105,CN(c1ncnc2[nH]ccc12)[C@H]1C[C@@H](CS(=O)(=O)N2CCCC2)C1,active,349.4600000000002,1.5983,1.0,5.0,6.675717544702307
353,CHEMBL4065693,C=CC(=O)Nc1cccc(CNc2cc(Nc3ccccc3)ncc2C(N)=O)c1,intermediate,387.4430000000001,3.660700000000001,4.0,5.0,5.309803919971486
354,CHEMBL4288086,C=CC(=O)Nc1cccc(-c2ncnc3[nH]cc(CCOC)c23)c1,inactive,322.3680000000001,2.938300000000001,2.0,4.0,5.0
355,CHEMBL4284396,COCCc1c[nH]c2ncnc(-c3ccc4c(c3)N(C#N)CC(F)(F)O4)c12,inactive,371.34700000000015,3.0864800000000017,1.0,6.0,5.0
356,CHEMBL4281393,N#CN[C@H]1CCc2ccc(-c3ncnc4[nH]ccc34)cc21,intermediate,275.31500000000005,2.68288,2.0,4.0,5.550521600812635
357,CHEMBL4294868,N#CN[C@H]1C[C@@H](O)c2ccc(-c3ncnc4[nH]ccc34)cc21,inactive,291.3140000000001,2.17378,3.0,5.0,5.0
358,CHEMBL4292320,CS(=O)(=O)N[C@@H]1C[C@H](NC#N)c2cc(-c3ncnc4[nH]ccc34)ccc21,inactive,368.4220000000001,1.7306799999999989,3.0,6.0,5.0
359,CHEMBL4285555,N#CN[C@H]1C[C@@H](NS(=O)(=O)c2cccc(C#N)c2)c2ccc(-c3ncnc4[nH]ccc34)cc21,inactive,455.50300000000016,3.0316600000000014,3.0,7.0,5.0
360,CHEMBL4277610,N#CN[C@H]1C[C@@H](NS(=O)(=O)c2cccc(F)c2)c2ccc(-c3ncnc4[nH]ccc34)cc21,inactive,448.4830000000002,3.299080000000001,3.0,6.0,5.0
361,CHEMBL4277193,COc1ccc(S(=O)(=O)N[C@@H]2C[C@H](NC#N)c3cc(-c4ncnc5[nH]ccc45)ccc32)cc1,inactive,460.5190000000002,3.1685800000000013,3.0,7.0,5.0
362,CHEMBL4287845,N#CN[C@H]1CCc2ccc(-c3ncnc4[nH]cc(-c5ccccc5)c34)cc21,inactive,351.41300000000007,4.349880000000002,2.0,4.0,5.0
363,CHEMBL4292341,N#CN[C@H]1CCc2ccc(-c3ncnc4[nH]cc(-c5cccc(CO)c5)c34)cc21,intermediate,381.43900000000014,3.8421800000000017,3.0,5.0,5.105517784989909
364,CHEMBL4435170,[2H]C([2H])([2H])NC(=O)c1nnc(NC(=O)C2CC2)cc1Nc1cccc(-c2ncn(C)n2)c1OC,active,425.4673053340002,1.7324,3.0,9.0,8.301029995663981
365,CHEMBL4587924,CNC(=O)c1cnc(Nc2ccc(F)cn2)cc1Nc1cccc(C#N)c1OC,active,392.3940000000001,3.342780000000001,3.0,7.0,7.468521082957745
366,CHEMBL4530035,CNC(=O)c1cnc(Nc2ccc(F)cn2)cc1Nc1cccc(C(=O)O)c1OC,inactive,411.39300000000014,3.1693000000000007,4.0,7.0,5.0
367,CHEMBL4582205,CNC(=O)c1cnc(Nc2ccc(F)cn2)cc1Nc1cccc(C(N)=O)c1OC,active,410.40900000000016,2.5700000000000003,4.0,7.0,7.200659450546418
368,CHEMBL4524832,CNC(=O)c1cnc(Nc2ccc(F)cn2)cc1Nc1cccc(C(=O)NC)c1OC,active,424.43600000000015,2.830700000000001,4.0,7.0,7.107905397309519
369,CHEMBL4543090,CNC(=O)c1cccc(Nc2cc(Nc3ccc(F)cn3)ncc2C(=O)NC)c1,intermediate,394.4100000000001,2.8221000000000007,4.0,6.0,5.1249387366083
370,CHEMBL4581296,CNC(=O)c1cnc(Nc2ccc(F)cn2)cc1Nc1ccc(C(N)=O)cc1OC,active,410.40900000000016,2.5700000000000003,4.0,7.0,6.031517051446065
371,CHEMBL4534832,CNC(=O)c1ccc(Nc2cc(Nc3ccc(F)cn3)ncc2C(=O)NC)c(OC)c1,active,424.43600000000015,2.8307,4.0,7.0,6.309803919971486
372,CHEMBL4537259,CNC(=O)c1cnc(Nc2cc(C)c(F)cn2)cc1Nc1cccc(C(N)=O)c1OC,active,424.4360000000002,2.87842,4.0,7.0,7.522878745280337
373,CHEMBL4468025,CNC(=O)c1cnc(Nc2cc(C)c(F)cn2)cc1Nc1cccc(C(=O)NC)c1OC,active,438.4630000000002,3.139120000000001,4.0,7.0,7.327902142064283
374,CHEMBL4441840,CCNC(=O)c1cccc(Nc2cc(Nc3cc(C)c(F)cn3)ncc2C(=O)NC)c1OC,active,452.4900000000002,3.5292200000000022,4.0,7.0,7.552841968657781
375,CHEMBL4577224,CNC(=O)c1cnc(Nc2cc(C)c(F)cn2)cc1Nc1cccc(C(=O)N(C)C)c1OC,active,452.49000000000024,3.481320000000002,3.0,7.0,6.886056647693163
376,CHEMBL4527672,CNC(=O)c1cnc(Nc2cc(C)c(F)cn2)cc1Nc1cccc(C(=O)NCC2CC2)c1OC,active,478.5280000000003,3.9193200000000026,4.0,7.0,7.1938200260161125
377,CHEMBL4439617,CNC(=O)c1cnc(Nc2cc(C)c(F)cn2)cc1Nc1cccc(C(=O)NCCO)c1OC,active,468.48900000000026,2.501620000000001,5.0,8.0,6.657577319177793
378,CHEMBL4578980,CNC(=O)c1cnc(Nc2cc(C)c(F)cn2)cc1Nc1cccc(C(=O)NCCN2CCOCC2)c1OC,active,537.5960000000003,2.841520000000001,4.0,9.0,7.292429823902063
379,CHEMBL4474729,CNC(=O)c1cnc(Nc2cc(C)c(F)cn2)cc1Nc1cccc(C(=O)NCc2ccccn2)c1OC,active,515.5490000000002,4.104520000000003,4.0,8.0,7.657577319177793
380,CHEMBL4543984,CNC(=O)c1cnc(Nc2cc(C)c(F)cn2)cc1Nc1cccc(-c2nnco2)c1OC,active,449.4460000000002,3.8295200000000023,3.0,9.0,7.823908740944319
381,CHEMBL4443834,CNC(=O)c1cnc(Nc2cc(C)c(F)cn2)cc1Nc1cccc(-c2nnc(C)o2)c1OC,active,463.47300000000024,4.137940000000003,3.0,9.0,7.920818753952375
382,CHEMBL4566158,CNC(=O)c1cnc(Nc2cc(C)c(F)cn2)cc1Nc1cccc(-c2ccn(C)n2)c1OC,active,461.5010000000002,4.1800200000000025,3.0,8.0,8.045757490560675
383,CHEMBL4572426,CNC(=O)c1cnc(Nc2cc(C)c(F)cn2)cc1Nc1cccc(-c2ccnn2C)c1OC,active,461.5010000000002,4.1800200000000025,3.0,8.0,7.154901959985743
384,CHEMBL4572855,CNC(=O)c1cnc(Nc2cc(C)c(F)cn2)cc1Nc1cccc(-c2nc[nH]n2)c1OC,active,448.46200000000016,3.5646200000000015,4.0,8.0,8.096910013008056
385,CHEMBL4457060,CNC(=O)c1cnc(Nc2cc(C)c(F)cn2)cc1Nc1cccc(-c2n[nH]c(C)n2)c1OC,active,462.4890000000002,3.8730400000000014,4.0,8.0,8.154901959985743
386,CHEMBL4435079,CNC(=O)c1cnc(Nc2cc(C)c(F)cn2)cc1Nc1cccc(-c2nncn2C)c1OC,active,462.4890000000002,3.575020000000001,3.0,9.0,7.795880017344075
387,CHEMBL4565054,CNC(=O)c1cnc(Nc2cc(C)c(F)cn2)cc1Nc1cccc(-c2ncnn2C)c1OC,active,462.4890000000002,3.575020000000001,3.0,9.0,7.823908740944319
388,CHEMBL4557190,CNC(=O)c1cnc(Nc2cc(C)c(F)cn2)cc1Nc1cccc(-c2ncn(C)n2)c1OC,active,462.4890000000002,3.575020000000001,3.0,9.0,8.397940008672037
389,CHEMBL4469750,CNC(=O)c1cnc(Nc2ccc(C#N)cn2)cc1Nc1cccc(-c2ncn(C)n2)c1OC,active,455.4820000000002,2.999180000000001,3.0,10.0,8.221848749616356
390,CHEMBL4559585,CNC(=O)c1cnc(Nc2ccc(C(F)(F)F)cn2)cc1Nc1cccc(-c2ncn(C)n2)c1OC,active,498.46900000000016,4.146300000000002,3.0,9.0,7.920818753952375
391,CHEMBL4580625,CNC(=O)c1cnc(Nc2cc(C)nc(C)n2)cc1Nc1cccc(-c2ncn(C)n2)c1OC,active,459.5140000000002,3.1393400000000016,3.0,10.0,7.920818753952375
392,CHEMBL4476261,CNC(=O)c1cnc(NC(=O)C2CC2)cc1Nc1cccc(-c2ncn(C)n2)c1OC,active,421.4610000000001,2.3373999999999997,3.0,8.0,7.853871964321762
393,CHEMBL4571117,[2H]C([2H])([2H])NC(=O)c1cnc(NC(=O)C2CC2)cc1Nc1cccc(-c2ncn(C)n2)c1OC,active,424.4793053340002,2.3373999999999997,3.0,8.0,8.096910013008056
394,CHEMBL4473572,CC(C)(O)CNC(=O)Cc1nc2cnc3[nH]ccc3c2n1[C@H]1CC[C@H](CC#N)CC1,active,408.5060000000003,2.9871800000000013,3.0,6.0,6.590066876668706
395,CHEMBL4537718,CC(C)(C#N)CNC(=O)Cc1nc2cnc3[nH]ccc3c2n1[C@H]1CC[C@H](CC#N)CC1,active,417.51700000000034,3.766060000000003,2.0,6.0,7.4089353929735005
396,CHEMBL4563534,N#CCCNC(=O)Cc1nc2cnc3[nH]ccc3c2n1[C@H]1CC[C@H](CC#N)CC1,active,389.46300000000025,3.1299600000000014,2.0,6.0,7.187086643357144
397,CHEMBL4535276,O=C(C1CC1)N1[C@@H]2CC[C@@H]1CN(c1nc(Nc3cnn(CCO)c3)ncc1F)C2,active,401.4460000000002,1.1376999999999993,2.0,8.0,7.1249387366083
398,CHEMBL4580985,Cn1cc(Nc2ncc(F)c(N3C[C@H]4CC[C@H](C3)N4C(=O)C3CC3)n2)cn1,active,371.4200000000001,1.6823999999999997,1.0,7.0,6.841637507904751
399,CHEMBL4445892,CCNC(=O)c1ncc(Nc2ncc(F)c(N3C[C@H]4CC[C@H](C3)N4C(=O)C3CC3)n2)cc1C,active,453.5220000000003,2.4020200000000003,2.0,7.0,6.414539270491499
400,CHEMBL4520790,Cn1cc(Nc2nccc(N3C[C@H]4CC[C@H](C3)N4C(=O)NCC#N)n2)cn1,active,367.41700000000003,0.8398799999999995,2.0,8.0,6.920818753952375
401,CHEMBL4526032,Cn1cc(Nc2nccc(N3C[C@H]4CC[C@H](C3)N4C(=O)NCC(F)(F)F)n2)cn1,active,410.404,1.8785999999999996,2.0,7.0,7.292429823902063
402,CHEMBL4517702,CCNC(=O)N1[C@@H]2CC[C@@H]1CN(c1ccnc(Nc3cnn(C)c3)n1)C2,active,356.43400000000014,1.3361999999999996,2.0,7.0,6.935542010773082
403,CHEMBL4458435,Cn1cc(Nc2nccc(N3C[C@H]4CC[C@H](C3)N4C(=O)[C@@H]3CC3(F)F)n2)cn1,active,389.41,1.7884999999999995,1.0,7.0,7.522878745280337
404,CHEMBL4562564,Cn1cc(Nc2nccc(N3C[C@H]4CC[C@H](C3)N4C(=O)C3CC3)n2)cn1,active,353.43000000000006,1.5432999999999995,1.0,7.0,6.924453038607469
405,CHEMBL4471304,Cn1cc(Nc2nccc(N3C[C@H]4CC[C@H](C3)N4C(=O)[C@H]3CC3(F)F)n2)cn1,active,389.41,1.7884999999999995,1.0,7.0,6.08460016478773
406,CHEMBL4561663,NC(=O)c1ccccc1Nc1cc(Nc2ccc(F)cn2)ncc1C(N)=O,active,366.3560000000001,2.3007,4.0,6.0,7.431798275933005
407,CHEMBL4537678,CNC(=O)c1cnc(Nc2ccc(F)cn2)cc1Nc1ccccc1C(N)=O,active,380.3830000000001,2.5614,4.0,6.0,6.494850021680094
408,CHEMBL4559521,CCNC(=O)c1cnc(Nc2ccc(F)cn2)cc1Nc1ccccc1C(N)=O,intermediate,394.41000000000014,2.9515000000000002,4.0,6.0,5.6020599913279625
409,CHEMBL4466720,NC(=O)c1ccccc1Nc1cc(Nc2ccc(F)cn2)ncc1C(=O)NC1CC1,intermediate,406.42100000000016,3.094000000000001,4.0,6.0,5.251811972993799
410,CHEMBL4516272,CN(C)C(=O)c1cnc(Nc2ccc(F)cn2)cc1Nc1ccccc1C(N)=O,inactive,394.41000000000014,2.9036,3.0,6.0,4.920818753952375
411,CHEMBL4569337,CNC(=O)c1cnc(Nc2ccccc2)cc1Nc1ccccc1C(N)=O,intermediate,361.40500000000014,3.0273000000000003,4.0,5.0,5.119186407719209
412,CHEMBL4465409,CNC(=O)c1cnc(Nc2ccccn2)cc1Nc1ccccc1C(N)=O,active,362.39300000000014,2.4223,4.0,6.0,6.508638306165727
413,CHEMBL4580693,CNC(=O)c1cnc(Nc2ncccc2F)cc1Nc1ccccc1C(N)=O,intermediate,380.3830000000001,2.5614,4.0,6.0,5.7447274948966935
414,CHEMBL4525866,CNC(=O)c1cnc(Nc2ncccn2)cc1Nc1ccccc1C(N)=O,inactive,363.38100000000014,1.8173,4.0,7.0,4.903089986991944
415,CHEMBL4583948,CNC(=O)c1cnc(Nc2ccc(F)cn2)cc1Nc1ccccc1,intermediate,337.358,3.4625000000000012,3.0,5.0,5.2839966563652006
416,CHEMBL4460194,CNC(=O)c1cnc(Nc2ccc(F)cn2)cc1Nc1ccccc1OC,active,367.38400000000007,3.4711000000000016,3.0,6.0,6.292429823902063
417,CHEMBL4476830,CNC(=O)c1cnc(Nc2ccc(F)cn2)cc1Nc1ccc(F)c(F)c1OC,active,403.3640000000001,3.7493000000000016,3.0,6.0,6.657577319177793
418,CHEMBL4526283,CNC(=O)c1cnc(Nc2ccc(F)cn2)cc1Nc1ccccc1S(C)(=O)=O,active,415.4500000000001,2.8660000000000014,3.0,7.0,7.200659450546418
419,CHEMBL4453827,CCS(=O)(=O)c1ccccc1Nc1cc(Nc2ccc(F)cn2)ncc1C(=O)NC,active,429.47700000000015,3.256100000000001,3.0,7.0,6.0
420,CHEMBL4469812,CNC(=O)c1cnc(Nc2ccc(F)cn2)cc1Nc1ccccc1SC,active,383.45200000000006,4.184400000000003,3.0,6.0,6.619788758288394
421,CHEMBL4530719,CS(=O)(=O)c1ccccc1Nc1cc(Nc2ccc(F)cn2)ncc1C(N)=O,active,401.4230000000002,2.6052999999999997,3.0,7.0,7.455931955649724
422,CHEMBL4444169,[2H]C([2H])([2H])NC(=O)c1cnc(Nc2ccc(F)cn2)cc1Nc1ccccc1S(C)(=O)=O,active,418.46830533400015,2.8660000000000014,3.0,7.0,7.275724130399211
423,CHEMBL4548200,CNC(=O)c1cnc(Nc2cc(C)ccn2)cc1Nc1ccccc1S(C)(=O)=O,active,411.48700000000014,3.0353200000000014,3.0,7.0,7.6777807052660805
424,CHEMBL4472802,CNC(=O)c1cnc(Nc2ccc(N3CCOCC3)cn2)cc1Nc1ccccc1S(C)(=O)=O,active,482.56600000000014,2.5635000000000003,3.0,9.0,7.229147988357855
425,CHEMBL4453545,CNC(=O)c1cnc(Nc2ccc(C)nn2)cc1Nc1ccccc1S(C)(=O)=O,active,412.47500000000014,2.43032,3.0,8.0,6.494850021680094
426,CHEMBL4544320,CNC(=O)c1cnc(Nc2ccccn2)cc1Nc1ccccc1S(C)(=O)=O,active,397.46000000000015,2.7269000000000005,3.0,7.0,7.2441251443275085
427,CHEMBL4444606,CNC(=O)c1cnc(Nc2ccc(OC)cn2)cc1Nc1ccccc1S(C)(=O)=O,active,427.48600000000016,2.735500000000001,3.0,8.0,7.060480747381382
428,CHEMBL4438202,CNC(=O)c1cnc(NC(=O)C2CC2)cc1Nc1ccccc1S(C)(=O)=O,active,388.44900000000007,1.9368,3.0,6.0,6.4089353929735005
429,CHEMBL4542289,CCCC(=O)Nc1cc(Nc2ccccc2S(C)(=O)=O)c(C(=O)NC)cn1,intermediate,390.46500000000015,2.3269,3.0,6.0,5.568636235841013
430,CHEMBL4531793,CNC(=O)c1cnc(NC(=O)C(C)C)cc1Nc1ccccc1S(C)(=O)=O,intermediate,390.4650000000001,2.1828000000000003,3.0,6.0,5.356547323513812
431,CHEMBL4440718,[2H]C([2H])([2H])NC(=O)c1nnc(Nc2ccccn2)cc1Nc1ccccc1S(C)(=O)=O,active,401.4663053340002,2.1219,3.0,8.0,9.275724130399212
432,CHEMBL4444178,[2H]C([2H])([2H])NC(=O)c1nnc(NC(=O)C2CC2)cc1Nc1ccccc1S(C)(=O)=O,active,392.4553053340001,1.3317999999999999,3.0,7.0,8.886056647693163
433,CHEMBL4640981,O=C(N[C@@]12C[C@@H]1CN(c1nc(Nc3cnn(CCO)c3)ncc1F)C2)C1CC1,intermediate,387.41900000000015,0.6529999999999994,3.0,8.0,5.817300096663957
434,CHEMBL4647223,C[C@@H]1[C@@H]2CN(c3nc(Nc4cnn(CCO)c4)ncc3F)C[C@]12NC(=O)C1CC1,active,401.4460000000002,0.8989999999999995,3.0,8.0,6.3535962737769305
435,CHEMBL4644138,N#C[C@@H]1C[C@H]1C(=O)N[C@@]12C[C@@H]1CN(c1nc(Nc3cnn(CCO)c3)ncc1F)C2,active,412.42900000000014,0.4026799999999998,3.0,9.0,6.815308569182402
436,CHEMBL4638906,N#C[C@H]1C[C@@H]1C(=O)N[C@@]12C[C@@H]1CN(c1nc(Nc3cnn(CCO)c3)ncc1F)C2,intermediate,412.42900000000014,0.4026799999999998,3.0,9.0,5.741841806659206
437,CHEMBL4644578,C[C@@H]1[C@@H]2CN(c3nc(Nc4cnn(CCO)c4)ncc3F)C[C@]12NC(=O)[C@@H]1C[C@H]1C#N,active,426.4560000000002,0.6486799999999995,3.0,9.0,6.8297382846050425
438,CHEMBL4637190,C[C@@H]1[C@@H]2CN(c3nc(Nc4cnn(CCO)c4)ncc3F)C[C@]12NC(=O)[C@H]1C[C@@H]1C#N,active,426.4560000000002,0.6486799999999995,3.0,9.0,6.012780770091995
439,CHEMBL4634433,C[C@@H]1[C@@H]2CN(c3nc(Nc4cnn(C)c4)ncc3F)C[C@]12NC(=O)[C@@H]1C[C@H]1C#N,active,396.43000000000023,1.1933799999999997,2.0,8.0,7.060480747381382
440,CHEMBL4648631,C[C@@H]1[C@@H]2CN(c3nc(Nc4cnn(C)c4)ncc3F)C[C@]12NC(=O)[C@H]1C[C@@H]1C#N,active,396.43000000000023,1.1933799999999997,2.0,8.0,6.375717904164332
441,CHEMBL4635625,C[C@@H]1[C@@H]2CN(c3nc(Nc4cnn(C)c4)ncc3F)C[C@]12NC(=O)[C@@H]1CC1(F)F,active,407.4000000000002,1.6888999999999996,2.0,7.0,6.718966632752273
442,CHEMBL4635104,C[C@@H]1[C@@H]2CN(c3nc(Nc4cnn(C)c4)ncc3F)C[C@]12NC(=O)[C@H]1CC1(F)F,intermediate,407.4000000000002,1.6888999999999996,2.0,7.0,5.761201437286083
443,CHEMBL4297507,C[C@H]1CN(C(=O)CC#N)[C@]12CCN(c1ncnc3[nH]ccc13)C2,active,310.36100000000005,1.2987799999999996,1.0,5.0,7.7447274948966935
444,CHEMBL4459585,Cn1cc(-c2cn3nccc3c(-c3cnn([C@]4(CC#N)C[C@@H](C#N)C4)c3)n2)cn1,active,383.4190000000001,2.5358600000000004,0.0,9.0,7.275724130399211
445,CHEMBL4864387,N#CCCn1cc(-c2nc(Nc3ccc4c(ccn4S(=O)(=O)C(F)(F)F)c3)ncc2F)cn1,active,479.4190000000001,3.7888800000000025,1.0,9.0,7.039053804266168
446,CHEMBL5077096,Cc1cnc(Nc2cnn(C(F)F)c2)nc1N1CCC2(CCNC2=O)CC1,active,377.3990000000002,2.2267199999999994,2.0,7.0,7.653647025549361
447,CHEMBL4594441,COc1cc(Nc2ncc(C)c(Nc3ccc4oc(=O)[nH]c4c3)n2)cc(C)c1F,active,395.3940000000001,4.162840000000002,3.0,7.0,8.096910013008056
448,CHEMBL5172397,O=C(Nc1nc2cccc(C3CCC4(CC3)CN(C(=O)[C@@H]3CC3(F)F)C4)n2n1)C1CC1,active,429.4710000000001,3.2192000000000016,1.0,5.0,7.2247537402597635
